vehIdList,vehicleTypeList,mainMode,travelTime,OZone,DZone,actstart,actend,startTime
p_136,undefined,car,28.0,zone_9_24,zone_11_26,home,work,25200.0
p_307,undefined,car,143.0,zone_11_0,zone_19_0,home,work,25200.0
p_345,undefined,car,143.0,zone_3_17,zone_11_16,home,work,25200.0
p_95,undefined,car,143.0,zone_16_12,zone_28_11,home,work,25200.0
p_325,undefined,car,143.0,zone_27_22,zone_27_25,home,work,25200.0
p_348,undefined,car,157.0,zone_20_21,zone_24_25,home,work,25200.0
,,pt,245.0,zone_21_6,zone_20_6,home,work,25200.0
p_480,undefined,car,272.0,zone_6_25,zone_12_23,home,work,25200.0
p_89,undefined,car,272.0,zone_20_17,zone_20_25,home,work,25200.0
p_82,undefined,car,272.0,zone_12_6,zone_27_5,home,work,25200.0
p_472,undefined,car,272.0,zone_23_9,zone_25_17,home,work,25200.0
p_49,undefined,car,272.0,zone_11_27,zone_29_29,home,work,25200.0
p_497,undefined,car,279.0,zone_20_17,zone_16_19,home,work,25200.0
p_220,undefined,car,279.0,zone_26_0,zone_25_2,home,work,25200.0
p_383,undefined,car,286.0,zone_18_17,zone_13_20,home,work,25200.0
p_80,undefined,car,286.0,zone_27_19,zone_20_21,home,work,25200.0
p_443,undefined,car,293.0,zone_15_20,zone_11_22,home,work,25200.0
p_197,undefined,car,293.0,zone_4_5,zone_16_5,home,work,25200.0
p_114,undefined,car,293.0,zone_26_20,zone_28_14,home,work,25200.0
p_179,undefined,car,293.0,zone_27_27,zone_24_28,home,work,25200.0
p_124,undefined,car,308.0,zone_7_20,zone_5_25,home,work,25200.0
p_78,undefined,car,408.0,zone_28_9,zone_15_16,home,work,25200.0
p_212,undefined,car,408.0,zone_15_25,zone_15_17,home,work,25200.0
p_91,undefined,car,408.0,zone_7_8,zone_5_27,home,work,25200.0
p_64,undefined,car,408.0,zone_12_21,zone_6_23,home,work,25200.0
p_339,undefined,car,408.0,zone_13_10,zone_10_5,home,work,25200.0
p_250,undefined,car,408.0,zone_27_0,zone_28_7,home,work,25200.0
p_430,undefined,car,408.0,zone_5_1,zone_6_12,home,work,25200.0
p_362,undefined,car,415.0,zone_1_11,zone_18_20,home,work,25200.0
p_70,undefined,car,415.0,zone_3_3,zone_15_12,home,work,25200.0
p_482,undefined,car,415.0,zone_19_0,zone_14_11,home,work,25200.0
p_346,undefined,car,415.0,zone_11_10,zone_10_19,home,work,25200.0
p_389,undefined,car,415.0,zone_0_9,zone_7_21,home,work,25200.0
p_301,undefined,car,415.0,zone_16_3,zone_6_14,home,work,25200.0
p_229,undefined,car,415.0,zone_15_8,zone_22_8,home,work,25200.0
p_223,undefined,car,415.0,zone_7_14,zone_0_26,home,work,25200.0
p_47,undefined,car,422.0,zone_23_21,zone_15_20,home,work,25200.0
p_59,undefined,car,422.0,zone_14_24,zone_10_18,home,work,25200.0
p_112,undefined,car,422.0,zone_5_11,zone_0_22,home,work,25200.0
p_35,undefined,car,422.0,zone_5_22,zone_13_12,home,work,25200.0
p_184,undefined,car,422.0,zone_12_10,zone_21_21,home,work,25200.0
p_432,undefined,car,422.0,zone_9_23,zone_2_25,home,work,25200.0
p_24,undefined,car,422.0,zone_12_10,zone_12_4,home,work,25200.0
p_195,undefined,car,422.0,zone_23_14,zone_28_5,home,work,25200.0
p_395,undefined,car,422.0,zone_7_5,zone_21_7,home,work,25200.0
p_153,undefined,car,422.0,zone_16_8,zone_13_2,home,work,25200.0
p_334,undefined,car,429.0,zone_22_0,zone_15_12,home,work,25200.0
p_258,undefined,car,429.0,zone_21_17,zone_13_15,home,work,25200.0
p_238,undefined,car,429.0,zone_2_8,zone_2_25,home,work,25200.0
p_170,undefined,car,429.0,zone_8_14,zone_14_5,home,work,25200.0
p_237,undefined,car,429.0,zone_7_20,zone_21_28,home,work,25200.0
p_105,undefined,car,429.0,zone_15_0,zone_4_8,home,work,25200.0
p_42,undefined,car,436.0,zone_15_18,zone_10_17,home,work,25200.0
p_267,undefined,car,436.0,zone_7_27,zone_25_29,home,work,25200.0
p_65,undefined,car,444.0,zone_28_10,zone_19_20,home,work,25200.0
p_308,undefined,car,451.0,zone_19_10,zone_16_5,home,work,25200.0
p_100,undefined,car,451.0,zone_11_16,zone_3_19,home,work,25200.0
p_401,undefined,car,451.0,zone_18_20,zone_11_27,home,work,25200.0
p_328,undefined,car,458.0,zone_29_10,zone_21_9,home,work,25200.0
p_131,undefined,car,458.0,zone_19_5,zone_18_11,home,work,25200.0
p_16,undefined,car,472.0,zone_10_18,zone_5_15,home,work,25200.0
,,pt,483.0,zone_20_28,zone_19_28,home,work,25200.0
p_391,undefined,car,544.0,zone_9_13,zone_27_23,home,work,25200.0
p_88,undefined,car,544.0,zone_29_16,zone_20_8,home,work,25200.0
p_84,undefined,car,544.0,zone_19_0,zone_28_13,home,work,25200.0
,,pt,546.0,zone_28_26,zone_29_27,home,work,25200.0
p_407,undefined,car,551.0,zone_5_27,zone_12_11,home,work,25200.0
p_213,undefined,car,551.0,zone_17_28,zone_18_15,home,work,25200.0
p_442,undefined,car,551.0,zone_23_11,zone_21_28,home,work,25200.0
p_371,undefined,car,551.0,zone_14_17,zone_11_3,home,work,25200.0
p_149,undefined,car,551.0,zone_14_25,zone_6_22,home,work,25200.0
p_202,undefined,car,551.0,zone_21_16,zone_25_2,home,work,25200.0
p_29,undefined,car,558.0,zone_24_24,zone_15_21,home,work,25200.0
p_449,undefined,car,558.0,zone_15_20,zone_19_4,home,work,25200.0
p_322,undefined,car,558.0,zone_13_5,zone_24_20,home,work,25200.0
p_402,undefined,car,558.0,zone_17_0,zone_9_7,home,work,25200.0
p_441,undefined,car,558.0,zone_24_12,zone_25_26,home,work,25200.0
p_462,undefined,car,558.0,zone_18_12,zone_25_28,home,work,25200.0
p_25,undefined,car,558.0,zone_11_16,zone_27_26,home,work,25200.0
p_40,undefined,car,558.0,zone_6_3,zone_26_14,home,work,25200.0
p_261,undefined,car,565.0,zone_28_17,zone_7_17,home,work,25200.0
p_384,undefined,car,565.0,zone_6_26,zone_12_11,home,work,25200.0
p_5,undefined,car,565.0,zone_23_25,zone_18_17,home,work,25200.0
p_377,undefined,car,565.0,zone_22_22,zone_25_4,home,work,25200.0
p_204,undefined,car,565.0,zone_12_16,zone_21_10,home,work,25200.0
p_309,undefined,car,565.0,zone_5_26,zone_20_28,home,work,25200.0
p_281,undefined,car,565.0,zone_23_2,zone_21_25,home,work,25200.0
p_259,undefined,car,565.0,zone_0_5,zone_14_3,home,work,25200.0
p_236,undefined,car,565.0,zone_6_5,zone_26_11,home,work,25200.0
p_172,undefined,car,565.0,zone_21_28,zone_28_19,home,work,25200.0
p_452,undefined,car,572.0,zone_10_20,zone_9_8,home,work,25200.0
p_296,undefined,car,572.0,zone_20_8,zone_4_10,home,work,25200.0
p_280,undefined,car,572.0,zone_11_24,zone_27_12,home,work,25200.0
p_210,undefined,car,580.0,zone_16_5,zone_8_1,home,work,25200.0
p_20,undefined,car,587.0,zone_25_12,zone_20_6,home,work,25200.0
p_11,undefined,car,587.0,zone_11_24,zone_11_14,home,work,25200.0
p_200,undefined,car,594.0,zone_15_11,zone_19_22,home,work,25200.0
p_277,undefined,car,594.0,zone_14_20,zone_3_17,home,work,25200.0
p_174,undefined,car,601.0,zone_27_12,zone_19_15,home,work,25200.0
p_326,undefined,car,680.0,zone_19_15,zone_10_5,home,work,25200.0
p_99,undefined,car,680.0,zone_18_14,zone_6_4,home,work,25200.0
p_338,undefined,car,680.0,zone_22_5,zone_11_26,home,work,25200.0
p_171,undefined,car,680.0,zone_3_2,zone_28_9,home,work,25200.0
p_495,undefined,car,680.0,zone_9_19,zone_5_4,home,work,25200.0
p_365,undefined,car,680.0,zone_4_9,zone_22_3,home,work,25200.0
p_349,undefined,car,687.0,zone_3_19,zone_22_11,home,work,25200.0
p_320,undefined,car,687.0,zone_18_4,zone_7_22,home,work,25200.0
p_43,undefined,car,687.0,zone_20_10,zone_12_25,home,work,25200.0
p_404,undefined,car,687.0,zone_16_12,zone_7_4,home,work,25200.0
p_492,undefined,car,687.0,zone_24_20,zone_28_8,home,work,25200.0
p_294,undefined,car,687.0,zone_6_8,zone_21_4,home,work,25200.0
p_385,undefined,car,687.0,zone_11_4,zone_28_23,home,work,25200.0
p_387,undefined,car,694.0,zone_2_7,zone_17_25,home,work,25200.0
p_157,undefined,car,694.0,zone_10_0,zone_9_17,home,work,25200.0
p_79,undefined,car,694.0,zone_12_22,zone_23_9,home,work,25200.0
p_13,undefined,car,694.0,zone_15_1,zone_13_24,home,work,25200.0
p_166,undefined,car,694.0,zone_26_5,zone_10_3,home,work,25200.0
p_83,undefined,car,694.0,zone_25_18,zone_24_4,home,work,25200.0
p_190,undefined,car,694.0,zone_28_0,zone_20_21,home,work,25200.0
p_400,undefined,car,701.0,zone_8_20,zone_16_6,home,work,25200.0
p_135,undefined,car,701.0,zone_16_23,zone_12_12,home,work,25200.0
p_186,undefined,car,701.0,zone_10_6,zone_22_28,home,work,25200.0
p_219,undefined,car,708.0,zone_25_9,zone_19_23,home,work,25200.0
p_293,undefined,car,716.0,zone_7_21,zone_28_12,home,work,25200.0
p_235,undefined,car,716.0,zone_22_7,zone_0_12,home,work,25200.0
p_406,undefined,car,716.0,zone_16_20,zone_14_2,home,work,25200.0
p_243,undefined,car,723.0,zone_11_14,zone_12_1,home,work,25200.0
p_19,undefined,car,730.0,zone_5_22,zone_20_15,home,work,25200.0
p_12,undefined,car,737.0,zone_12_15,zone_11_0,home,work,25200.0
p_312,undefined,car,816.0,zone_29_21,zone_10_13,home,work,25200.0
p_31,undefined,car,816.0,zone_16_28,zone_27_0,home,work,25200.0
p_448,undefined,car,816.0,zone_7_22,zone_28_13,home,work,25200.0
p_53,undefined,car,816.0,zone_0_14,zone_28_20,home,work,25200.0
p_411,undefined,car,830.0,zone_19_8,zone_4_1,home,work,25200.0
p_489,undefined,car,830.0,zone_0_1,zone_28_1,home,work,25200.0
p_199,undefined,car,837.0,zone_2_27,zone_10_8,home,work,25200.0
p_45,undefined,car,837.0,zone_19_13,zone_9_29,home,work,25200.0
p_263,undefined,car,837.0,zone_6_4,zone_1_29,home,work,25200.0
p_3,undefined,car,851.0,zone_17_4,zone_19_27,home,work,25200.0
p_240,undefined,car,852.0,zone_5_27,zone_26_14,home,work,25200.0
p_122,undefined,car,859.0,zone_20_4,zone_12_23,home,work,25200.0
p_104,undefined,car,859.0,zone_6_29,zone_5_6,home,work,25200.0
p_181,undefined,car,888.0,zone_8_22,zone_14_5,home,work,25200.0
p_353,undefined,car,952.0,zone_10_0,zone_11_29,home,work,25200.0
p_218,undefined,car,952.0,zone_24_7,zone_11_21,home,work,25200.0
p_208,undefined,car,952.0,zone_19_21,zone_1_7,home,work,25200.0
p_98,undefined,car,959.0,zone_22_29,zone_11_7,home,work,25200.0
p_274,undefined,car,959.0,zone_0_27,zone_20_15,home,work,25200.0
p_225,undefined,car,959.0,zone_29_24,zone_15_11,home,work,25200.0
p_66,undefined,car,973.0,zone_28_10,zone_10_28,home,work,25200.0
p_194,undefined,car,973.0,zone_24_26,zone_3_11,home,work,25200.0
p_121,undefined,car,973.0,zone_26_1,zone_16_26,home,work,25200.0
p_106,undefined,car,980.0,zone_26_19,zone_3_4,home,work,25200.0
,,pt,1068.0,zone_17_6,zone_19_6,home,work,25200.0
p_37,undefined,car,1088.0,zone_26_28,zone_4_14,home,work,25200.0
,,pt,1099.0,zone_3_13,zone_2_14,home,work,25200.0
p_86,undefined,car,1102.0,zone_26_25,zone_7_2,home,work,25200.0
p_367,undefined,car,1238.0,zone_28_29,zone_8_4,home,work,25200.0
,,pt,1574.0,zone_6_11,zone_4_12,home,work,25200.0
,,pt,1795.0,zone_6_1,zone_4_0,home,work,25200.0
,,pt,1859.0,zone_0_21,zone_3_22,home,work,25200.0
,,pt,1997.0,zone_9_18,zone_9_16,home,work,25200.0
,,pt,2033.0,zone_17_28,zone_19_26,home,work,25200.0
,,pt,2097.0,zone_15_16,zone_12_15,home,work,25200.0
,,pt,2098.0,zone_5_14,zone_6_17,home,work,25200.0
,,pt,2100.0,zone_26_9,zone_24_7,home,work,25200.0
,,pt,2147.0,zone_6_20,zone_5_17,home,work,25200.0
,,pt,2241.0,zone_21_19,zone_24_18,home,work,25200.0
,,pt,2332.0,zone_19_25,zone_16_25,home,work,25200.0
,,pt,2477.0,zone_5_1,zone_4_4,home,work,25200.0
,,pt,2538.0,zone_0_3,zone_0_0,home,work,25200.0
,,pt,2577.0,zone_0_18,zone_2_15,home,work,25200.0
,,pt,2578.0,zone_23_28,zone_19_27,home,work,25200.0
,,pt,2773.0,zone_19_18,zone_20_14,home,work,25200.0
,,pt,2817.0,zone_17_12,zone_13_13,home,work,25200.0
,,pt,2819.0,zone_14_15,zone_19_16,home,work,25200.0
,,pt,2842.0,zone_28_12,zone_24_15,home,work,25200.0
,,pt,2890.0,zone_1_14,zone_3_11,home,work,25200.0
,,pt,3334.0,zone_26_12,zone_23_15,home,work,25200.0
,,pt,3593.0,zone_27_20,zone_27_25,home,work,25200.0
,,pt,3726.0,zone_24_4,zone_28_0,home,work,25200.0
,,pt,3731.0,zone_13_7,zone_18_11,home,work,25200.0
,,pt,3835.0,zone_10_6,zone_9_11,home,work,25200.0
,,pt,3859.0,zone_18_19,zone_24_18,home,work,25200.0
,,pt,3918.0,zone_11_14,zone_12_19,home,work,25200.0
,,pt,3964.0,zone_1_10,zone_7_9,home,work,25200.0
,,pt,4000.0,zone_4_8,zone_10_6,home,work,25200.0
,,pt,4094.0,zone_19_16,zone_23_12,home,work,25200.0
,,pt,4137.0,zone_28_22,zone_22_23,home,work,25200.0
,,pt,4172.0,zone_29_12,zone_25_7,home,work,25200.0
,,pt,4199.0,zone_6_1,zone_5_6,home,work,25200.0
,,pt,4204.0,zone_10_29,zone_17_28,home,work,25200.0
,,pt,4289.0,zone_20_12,zone_22_7,home,work,25200.0
,,pt,4352.0,zone_29_21,zone_23_24,home,work,25200.0
,,pt,4373.0,zone_20_10,zone_23_5,home,work,25200.0
,,pt,4389.0,zone_6_19,zone_9_24,home,work,25200.0
,,pt,4390.0,zone_7_9,zone_10_4,home,work,25200.0
,,pt,4509.0,zone_12_11,zone_9_17,home,work,25200.0
veh_Train_Line_1_dir_bwd_2,train_type,pt,4533.0,zone_19_27,zone_13_23,home,work,25200.0
veh_Bus_Line_2_dir_fwd_2,bus_type,pt,4559.0,zone_17_8,zone_14_12,home,work,25200.0
,,pt,4749.0,zone_27_4,zone_21_8,home,work,25200.0
veh_Bus_Line_3_dir_fwd_2,bus_type,pt,4757.0,zone_28_13,zone_29_24,home,work,25200.0
,,pt,4844.0,zone_20_25,zone_23_19,home,work,25200.0
,,pt,4958.0,zone_20_20,zone_12_19,home,work,25200.0
veh_Bus_Line_3_dir_bwd_2,bus_type,pt,4964.0,zone_28_23,zone_28_11,home,work,25200.0
veh_Bus_Line_2_dir_bwd_2,bus_type,pt,5016.0,zone_14_16,zone_15_10,home,work,25200.0
veh_Bus_Line_2_dir_fwd_2,bus_type,pt,5071.0,zone_9_10,zone_16_24,home,work,25200.0
veh_Bus_Line_2_dir_fwd_2,bus_type,pt,5149.0,zone_18_3,zone_12_11,home,work,25200.0
,,pt,5185.0,zone_19_22,zone_11_20,home,work,25200.0
veh_Train_Line_1_dir_fwd_2,train_type,pt,5247.0,zone_2_26,zone_23_22,home,work,25200.0
veh_Bus_Line_2_dir_fwd_2,bus_type,pt,5308.0,zone_15_1,zone_16_19,home,work,25200.0
veh_Bus_Line_1_dir_fwd_2,bus_type,pt,5321.0,zone_3_8,zone_2_18,home,work,25200.0
veh_Tram_Line_1_dir_bwd_2,tram_type,pt,5329.0,zone_19_3,zone_6_7,home,work,25200.0
,,pt,5401.0,zone_3_1,zone_11_0,home,work,25200.0
veh_Bus_Line_1_dir_fwd_2,bus_type,pt,5429.0,zone_3_6,zone_1_13,home,work,25200.0
veh_Train_Line_1_dir_bwd_2,train_type,pt,5450.0,zone_14_21,zone_5_24,home,work,25200.0
veh_Train_Line_1_dir_bwd_2,train_type,pt,5464.0,zone_16_25,zone_8_25,home,work,25200.0
veh_Train_Line_1_dir_fwd_2,train_type,pt,5536.0,zone_5_25,zone_15_21,home,work,25200.0
,,pt,5561.0,zone_9_10,zone_2_5,home,work,25200.0
veh_Train_Line_1_dir_bwd_2,train_type,pt,5577.0,zone_16_22,zone_9_25,home,work,25200.0
,,pt,5639.0,zone_27_1,zone_20_6,home,work,25200.0
veh_Train_Line_1_dir_bwd_2,train_type,pt,5641.0,zone_15_24,zone_4_24,home,work,25200.0
veh_Tram_Line_1_dir_bwd_2;veh_Bus_Line_2_dir_bwd_2,tram_type;bus_type,pt,5665.0,zone_21_4,zone_13_1,home,work,25200.0
veh_Bus_Line_2_dir_fwd_2,bus_type,pt,5726.0,zone_14_10,zone_14_28,home,work,25200.0
veh_Bus_Line_1_dir_fwd_2,bus_type,pt,5814.0,zone_4_12,zone_2_19,home,work,25200.0
veh_Bus_Line_2_dir_bwd_2,bus_type,pt,5821.0,zone_12_11,zone_15_2,home,work,25200.0
veh_Bus_Line_2_dir_bwd_2,bus_type,pt,5825.0,zone_14_24,zone_13_14,home,work,25200.0
,,pt,5828.0,zone_5_19,zone_4_11,home,work,25200.0
veh_Bus_Line_2_dir_fwd_2,bus_type,pt,5828.0,zone_9_9,zone_12_17,home,work,25200.0
,,pt,5866.0,zone_10_20,zone_6_27,home,work,25200.0
,,pt,5919.0,zone_3_2,zone_3_9,home,work,25200.0
,,pt,5941.0,zone_20_18,zone_27_24,home,work,25200.0
veh_Bus_Line_2_dir_fwd_2,bus_type,pt,5941.0,zone_14_6,zone_17_13,home,work,25200.0
veh_Tram_Line_1_dir_bwd_2,tram_type,pt,5982.0,zone_15_6,zone_4_4,home,work,25200.0
,,pt,6005.0,zone_24_5,zone_23_13,home,work,25200.0
,,pt,6039.0,zone_1_14,zone_8_19,home,work,25200.0
,,pt,6052.0,zone_14_2,zone_10_9,home,work,25200.0
veh_Bus_Line_2_dir_bwd_2,bus_type,pt,6067.0,zone_16_21,zone_17_4,home,work,25200.0
veh_Bus_Line_3_dir_fwd_2,bus_type,pt,6121.0,zone_26_3,zone_29_21,home,work,25200.0
veh_Bus_Line_1_dir_bwd_2,bus_type,pt,6178.0,zone_1_21,zone_2_14,home,work,25200.0
veh_Tram_Line_1_dir_bwd_2,tram_type,pt,6272.0,zone_19_3,zone_9_8,home,work,25200.0
,,pt,6279.0,zone_4_9,zone_9_16,home,work,25200.0
veh_Tram_Line_1_dir_bwd_2,tram_type,pt,6294.0,zone_25_9,zone_18_4,home,work,25200.0
veh_Tram_Line_1_dir_bwd_2,tram_type,pt,6339.0,zone_22_7,zone_17_3,home,work,25200.0
veh_Bus_Line_2_dir_bwd_2,bus_type,pt,6351.0,zone_19_19,zone_13_3,home,work,25200.0
,,pt,6375.0,zone_25_1,zone_24_9,home,work,25200.0
veh_Train_Line_1_dir_fwd_2,train_type,pt,6384.0,zone_17_25,zone_26_23,home,work,25200.0
,,pt,6411.0,zone_5_25,zone_6_16,home,work,25200.0
veh_Tram_Line_1_dir_fwd_2,tram_type,pt,6470.0,zone_8_7,zone_29_2,home,work,25200.0
veh_Bus_Line_1_dir_bwd_2,bus_type,pt,6483.0,zone_3_24,zone_4_11,home,work,25200.0
veh_Bus_Line_2_dir_fwd_2,bus_type,pt,6506.0,zone_12_7,zone_12_27,home,work,25200.0
veh_Bus_Line_3_dir_fwd_2,bus_type,pt,6612.0,zone_27_7,zone_26_15,home,work,25200.0
,,pt,6614.0,zone_25_0,zone_22_8,home,work,25200.0
veh_Train_Line_1_dir_bwd_2,train_type,pt,6616.0,zone_27_24,zone_6_27,home,work,25200.0
veh_Bus_Line_2_dir_bwd_2,bus_type,pt,6660.0,zone_11_24,zone_10_11,home,work,25200.0
,,pt,6694.0,zone_24_29,zone_22_21,home,work,25200.0
veh_Tram_Line_1_dir_bwd_2,tram_type,pt,6698.0,zone_27_4,zone_7_2,home,work,25200.0
veh_Bus_Line_3_dir_fwd_2,bus_type,pt,6755.0,zone_26_6,zone_25_18,home,work,25200.0
veh_Bus_Line_3_dir_bwd_2,bus_type,pt,6775.0,zone_25_12,zone_27_2,home,work,25200.0
veh_Bus_Line_2_dir_bwd_2,bus_type,pt,6787.0,zone_15_22,zone_11_9,home,work,25200.0
,,pt,6788.0,zone_19_20,zone_9_18,home,work,25200.0
,,pt,7047.0,zone_15_1,zone_4_0,home,work,25200.0
veh_Bus_Line_2_dir_fwd_2,bus_type,pt,7090.0,zone_15_3,zone_11_21,home,work,25200.0
veh_Bus_Line_1_dir_fwd_2,bus_type,pt,7097.0,zone_0_2,zone_3_21,home,work,25200.0
veh_Bus_Line_2_dir_bwd_2,bus_type,pt,7208.0,zone_17_14,zone_18_2,home,work,25200.0
veh_Train_Line_1_dir_bwd_2,train_type,pt,7277.0,zone_18_25,zone_7_19,home,work,25200.0
veh_Bus_Line_2_dir_fwd_2,bus_type,pt,7343.0,zone_15_9,zone_9_18,home,work,25200.0
,,pt,7482.0,zone_22_10,zone_26_19,home,work,25200.0
veh_Train_Line_1_dir_bwd_2;veh_Bus_Line_2_dir_fwd_2,train_type;bus_type,pt,7692.0,zone_23_19,zone_20_29,home,work,25200.0
veh_Bus_Line_2_dir_fwd_3,bus_type,pt,7715.0,zone_12_1,zone_15_24,home,work,25200.0
veh_Bus_Line_2_dir_bwd_2,bus_type,pt,7816.0,zone_15_11,zone_20_0,home,work,25200.0
veh_Train_Line_1_dir_bwd_3,train_type,pt,7872.0,zone_27_20,zone_14_23,home,work,25200.0
veh_Bus_Line_3_dir_fwd_2,bus_type,pt,7915.0,zone_25_15,zone_23_24,home,work,25200.0
veh_Bus_Line_1_dir_bwd_2,bus_type,pt,7945.0,zone_2_11,zone_4_2,home,work,25200.0
veh_Bus_Line_2_dir_fwd_2;veh_Train_Line_1_dir_bwd_3,bus_type;train_type,pt,7950.0,zone_18_17,zone_7_23,home,work,25200.0
veh_Tram_Line_1_dir_fwd_2;veh_Bus_Line_2_dir_fwd_3,tram_type;bus_type,pt,8034.0,zone_7_2,zone_15_23,home,work,25200.0
veh_Tram_Line_1_dir_fwd_2;veh_Bus_Line_3_dir_fwd_3,tram_type;bus_type,pt,8223.0,zone_20_5,zone_28_12,home,work,25200.0
veh_Tram_Line_1_dir_fwd_2;veh_Bus_Line_2_dir_fwd_3,tram_type;bus_type,pt,8326.0,zone_8_5,zone_14_24,home,work,25200.0
veh_Tram_Line_1_dir_fwd_2;veh_Bus_Line_3_dir_fwd_3,tram_type;bus_type,pt,8387.0,zone_12_5,zone_29_29,home,work,25200.0
veh_Bus_Line_2_dir_bwd_2;veh_Tram_Line_1_dir_bwd_3,bus_type;tram_type,pt,8398.0,zone_14_17,zone_7_4,home,work,25200.0
veh_Bus_Line_2_dir_fwd_2;veh_Train_Line_1_dir_bwd_3,bus_type;train_type,pt,8399.0,zone_17_8,zone_0_23,home,work,25200.0
veh_Train_Line_1_dir_bwd_3,train_type,pt,8418.0,zone_24_29,zone_16_23,home,work,25200.0
veh_Bus_Line_2_dir_bwd_2;veh_Tram_Line_1_dir_bwd_3,bus_type;tram_type,pt,8427.0,zone_16_22,zone_0_6,home,work,25200.0
,,pt,8430.0,zone_1_15,zone_14_18,home,work,25200.0
veh_Train_Line_1_dir_fwd_2;veh_Bus_Line_2_dir_bwd_3,train_type;bus_type,pt,8516.0,zone_4_23,zone_13_12,home,work,25200.0
veh_Tram_Line_1_dir_bwd_2;veh_Bus_Line_1_dir_fwd_3,tram_type;bus_type,pt,8518.0,zone_13_2,zone_0_10,home,work,25200.0
veh_Train_Line_1_dir_fwd_2;veh_Bus_Line_3_dir_bwd_3,train_type;bus_type,pt,8527.0,zone_3_23,zone_29_4,home,work,25200.0
veh_Tram_Line_1_dir_fwd_2;veh_Bus_Line_2_dir_fwd_3,tram_type;bus_type,pt,8529.0,zone_5_6,zone_14_22,home,work,25200.0
veh_Tram_Line_1_dir_bwd_2;veh_Bus_Line_2_dir_fwd_3,tram_type;bus_type,pt,8537.0,zone_20_4,zone_13_13,home,work,25200.0
veh_Tram_Line_1_dir_bwd_2;veh_Bus_Line_1_dir_fwd_3,tram_type;bus_type,pt,8562.0,zone_23_4,zone_1_18,home,work,25200.0
veh_Bus_Line_1_dir_fwd_2,bus_type,pt,8576.0,zone_1_1,zone_7_16,home,work,25200.0
veh_Tram_Line_1_dir_fwd_2;veh_Bus_Line_2_dir_fwd_3,tram_type;bus_type,pt,8663.0,zone_4_7,zone_13_13,home,work,25200.0
veh_Bus_Line_2_dir_fwd_2;veh_Train_Line_1_dir_bwd_3,bus_type;train_type,pt,8669.0,zone_15_6,zone_7_22,home,work,25200.0
veh_Train_Line_1_dir_bwd_2;veh_Bus_Line_1_dir_bwd_3,train_type;bus_type,pt,8695.0,zone_20_27,zone_1_12,home,work,25200.0
veh_Bus_Line_2_dir_fwd_2;veh_Train_Line_1_dir_bwd_3,bus_type;train_type,pt,8844.0,zone_19_15,zone_1_25,home,work,25200.0
veh_Bus_Line_2_dir_bwd_2,bus_type,pt,8892.0,zone_18_24,zone_7_14,home,work,25200.0
veh_Tram_Line_1_dir_bwd_2;veh_Bus_Line_1_dir_fwd_3,tram_type;bus_type,pt,8907.0,zone_22_10,zone_2_11,home,work,25200.0
veh_Bus_Line_2_dir_bwd_2,bus_type,pt,8947.0,zone_13_22,zone_22_14,home,work,25200.0
veh_Train_Line_1_dir_fwd_2;veh_Bus_Line_3_dir_bwd_3,train_type;bus_type,pt,8953.0,zone_7_24,zone_27_17,home,work,25200.0
veh_Train_Line_1_dir_bwd_2;veh_Bus_Line_1_dir_bwd_3,train_type;bus_type,pt,8958.0,zone_5_23,zone_2_12,home,work,25200.0
veh_Bus_Line_2_dir_bwd_2;veh_Tram_Line_1_dir_fwd_3,bus_type;tram_type,pt,8959.0,zone_9_19,zone_22_4,home,work,25200.0
veh_Tram_Line_1_dir_fwd_2;veh_Bus_Line_3_dir_fwd_3,tram_type;bus_type,pt,9048.0,zone_24_6,zone_28_23,home,work,25200.0
veh_Tram_Line_1_dir_bwd_3,tram_type,pt,9083.0,zone_22_10,zone_13_4,home,work,25200.0
veh_Tram_Line_1_dir_fwd_2;veh_Bus_Line_2_dir_fwd_3,tram_type;bus_type,pt,9104.0,zone_8_6,zone_16_19,home,work,25200.0
veh_Tram_Line_1_dir_fwd_2;veh_Bus_Line_3_dir_fwd_3,tram_type;bus_type,pt,9110.0,zone_2_4,zone_27_12,home,work,25200.0
veh_Bus_Line_2_dir_fwd_2;veh_Train_Line_1_dir_bwd_3,bus_type;train_type,pt,9111.0,zone_12_8,zone_1_25,home,work,25200.0
veh_Train_Line_1_dir_bwd_2;veh_Bus_Line_2_dir_bwd_3,train_type;bus_type,pt,9118.0,zone_26_24,zone_16_19,home,work,25200.0
veh_Tram_Line_1_dir_fwd_2;veh_Bus_Line_2_dir_fwd_3,tram_type;bus_type,pt,9131.0,zone_8_3,zone_17_11,home,work,25200.0
veh_Train_Line_1_dir_fwd_2;veh_Bus_Line_2_dir_bwd_3,train_type;bus_type,pt,9174.0,zone_5_27,zone_12_18,home,work,25200.0
veh_Tram_Line_1_dir_bwd_2;veh_Bus_Line_2_dir_fwd_3,tram_type;bus_type,pt,9196.0,zone_24_6,zone_17_16,home,work,25200.0
,,pt,9205.0,zone_25_16,zone_16_26,home,work,25200.0
veh_Bus_Line_2_dir_bwd_2;veh_Tram_Line_1_dir_fwd_3,bus_type;tram_type,pt,9212.0,zone_17_12,zone_28_7,home,work,25200.0
veh_Bus_Line_2_dir_bwd_2;veh_Tram_Line_1_dir_bwd_3,bus_type;tram_type,pt,9267.0,zone_12_13,zone_7_3,home,work,25200.0
veh_Train_Line_1_dir_bwd_2;veh_Bus_Line_1_dir_bwd_3,train_type;bus_type,pt,9279.0,zone_12_21,zone_3_18,home,work,25200.0
veh_Train_Line_1_dir_bwd_3;veh_Bus_Line_2_dir_fwd_3,train_type;bus_type,pt,9279.0,zone_29_22,zone_17_29,home,work,25200.0
veh_Train_Line_1_dir_bwd_2;veh_Bus_Line_1_dir_bwd_3,train_type;bus_type,pt,9291.0,zone_7_22,zone_1_13,home,work,25200.0
veh_Tram_Line_1_dir_bwd_2;veh_Bus_Line_1_dir_bwd_3,tram_type;bus_type,pt,9293.0,zone_13_9,zone_2_0,home,work,25200.0
veh_Bus_Line_2_dir_fwd_3,bus_type,pt,9317.0,zone_9_15,zone_16_22,home,work,25200.0
veh_Bus_Line_2_dir_fwd_2;veh_Train_Line_1_dir_bwd_3,bus_type;train_type,pt,9341.0,zone_11_18,zone_5_22,home,work,25200.0
veh_Bus_Line_2_dir_bwd_2;veh_Tram_Line_1_dir_fwd_3,bus_type;tram_type,pt,9424.0,zone_14_20,zone_29_3,home,work,25200.0
veh_Train_Line_1_dir_bwd_2;veh_Bus_Line_1_dir_bwd_3,train_type;bus_type,pt,9467.0,zone_27_23,zone_2_1,home,work,25200.0
veh_Bus_Line_2_dir_bwd_3,bus_type,pt,9475.0,zone_7_13,zone_17_6,home,work,25200.0
veh_Tram_Line_1_dir_fwd_2;veh_Bus_Line_2_dir_fwd_3,tram_type;bus_type,pt,9500.0,zone_5_2,zone_18_12,home,work,25200.0
veh_Tram_Line_1_dir_bwd_2;veh_Bus_Line_1_dir_fwd_3,tram_type;bus_type,pt,9511.0,zone_10_6,zone_1_14,home,work,25200.0
veh_Tram_Line_1_dir_bwd_2;veh_Bus_Line_1_dir_fwd_3,tram_type;bus_type,pt,9534.0,zone_19_3,zone_1_28,home,work,25200.0
veh_Train_Line_1_dir_bwd_2;veh_Bus_Line_2_dir_bwd_3,train_type;bus_type,pt,9536.0,zone_25_21,zone_13_14,home,work,25200.0
veh_Train_Line_1_dir_fwd_3,train_type,pt,9575.0,zone_0_23,zone_25_25,home,work,25200.0
veh_Train_Line_1_dir_bwd_3,train_type,pt,9577.0,zone_23_18,zone_0_26,home,work,25200.0
,,pt,9580.0,zone_22_17,zone_6_15,home,work,25200.0
,,pt,9654.0,zone_1_10,zone_12_18,home,work,25200.0
veh_Train_Line_1_dir_fwd_2;veh_Bus_Line_2_dir_bwd_3,train_type;bus_type,pt,9676.0,zone_8_20,zone_12_0,home,work,25200.0
veh_Train_Line_1_dir_fwd_2;veh_Bus_Line_3_dir_bwd_3,train_type;bus_type,pt,9683.0,zone_7_22,zone_27_9,home,work,25200.0
veh_Train_Line_1_dir_bwd_2;veh_Bus_Line_1_dir_bwd_3,train_type;bus_type,pt,9702.0,zone_20_19,zone_2_13,home,work,25200.0
veh_Bus_Line_2_dir_fwd_2;veh_Train_Line_1_dir_fwd_3,bus_type;train_type,pt,9735.0,zone_13_9,zone_21_21,home,work,25200.0
veh_Tram_Line_1_dir_fwd_2;veh_Bus_Line_3_dir_fwd_3,tram_type;bus_type,pt,9738.0,zone_25_3,zone_28_20,home,work,25200.0
veh_Bus_Line_2_dir_fwd_3,bus_type,pt,9791.0,zone_11_0,zone_17_28,home,work,25200.0
veh_Bus_Line_2_dir_bwd_2;veh_Tram_Line_1_dir_bwd_3,bus_type;tram_type,pt,9792.0,zone_11_23,zone_3_4,home,work,25200.0
veh_Train_Line_1_dir_fwd_2;veh_Bus_Line_2_dir_bwd_3,train_type;bus_type,pt,9828.0,zone_3_25,zone_13_9,home,work,25200.0
veh_Tram_Line_1_dir_fwd_2;veh_Bus_Line_3_dir_bwd_3,tram_type;bus_type,pt,9848.0,zone_10_4,zone_26_0,home,work,25200.0
veh_Tram_Line_1_dir_bwd_2;veh_Bus_Line_2_dir_fwd_3,tram_type;bus_type,pt,9850.0,zone_20_2,zone_11_23,home,work,25200.0
veh_Bus_Line_2_dir_fwd_2;veh_Train_Line_1_dir_fwd_3,bus_type;train_type,pt,9895.0,zone_16_12,zone_21_26,home,work,25200.0
veh_Train_Line_1_dir_bwd_2;veh_Bus_Line_1_dir_bwd_3,train_type;bus_type,pt,9897.0,zone_25_21,zone_3_6,home,work,25200.0
veh_Bus_Line_1_dir_bwd_3,bus_type,pt,9906.0,zone_4_28,zone_2_15,home,work,25200.0
veh_Bus_Line_2_dir_bwd_2;veh_Tram_Line_1_dir_bwd_3,bus_type;tram_type,pt,9907.0,zone_11_14,zone_1_8,home,work,25200.0
veh_Tram_Line_1_dir_bwd_2;veh_Bus_Line_2_dir_fwd_3,tram_type;bus_type,pt,9959.0,zone_25_4,zone_18_29,home,work,25200.0
veh_Train_Line_1_dir_fwd_2;veh_Bus_Line_2_dir_bwd_3,train_type;bus_type,pt,9973.0,zone_2_25,zone_18_19,home,work,25200.0
,,pt,9975.0,zone_10_29,zone_24_23,home,work,25200.0
veh_Bus_Line_2_dir_bwd_2;veh_Tram_Line_1_dir_bwd_3,bus_type;tram_type,pt,10018.0,zone_14_27,zone_0_3,home,work,25200.0
veh_Train_Line_1_dir_bwd_3,train_type,pt,10022.0,zone_28_21,zone_11_22,home,work,25200.0
veh_Bus_Line_2_dir_bwd_2;veh_Tram_Line_1_dir_fwd_3,bus_type;tram_type,pt,10052.0,zone_12_14,zone_18_4,home,work,25200.0
veh_Train_Line_1_dir_fwd_2;veh_Bus_Line_3_dir_bwd_3,train_type;bus_type,pt,10058.0,zone_9_23,zone_27_8,home,work,25200.0
veh_Tram_Line_1_dir_bwd_3,tram_type,pt,10071.0,zone_28_5,zone_5_8,home,work,25200.0
veh_Tram_Line_1_dir_fwd_2;veh_Bus_Line_2_dir_fwd_3,tram_type;bus_type,pt,10199.0,zone_5_7,zone_12_21,home,work,25200.0
veh_Bus_Line_2_dir_fwd_2;veh_Train_Line_1_dir_bwd_3,bus_type;train_type,pt,10205.0,zone_10_14,zone_2_21,home,work,25200.0
veh_Tram_Line_1_dir_fwd_2;veh_Bus_Line_2_dir_fwd_3,tram_type;bus_type,pt,10217.0,zone_7_9,zone_11_19,home,work,25200.0
veh_Tram_Line_1_dir_fwd_2;veh_Bus_Line_3_dir_fwd_3,tram_type;bus_type,pt,10227.0,zone_22_9,zone_27_27,home,work,25200.0
veh_Tram_Line_1_dir_fwd_2;veh_Bus_Line_3_dir_fwd_3,tram_type;bus_type,pt,10229.0,zone_11_8,zone_26_28,home,work,25200.0
veh_Tram_Line_1_dir_fwd_2;veh_Bus_Line_2_dir_fwd_3,tram_type;bus_type,pt,10278.0,zone_10_2,zone_19_18,home,work,25200.0
veh_Train_Line_1_dir_bwd_2;veh_Bus_Line_1_dir_bwd_3,train_type;bus_type,pt,10298.0,zone_13_24,zone_3_0,home,work,25200.0
veh_Tram_Line_1_dir_bwd_2;veh_Bus_Line_1_dir_fwd_3,tram_type;bus_type,pt,10306.0,zone_21_3,zone_2_15,home,work,25200.0
veh_Train_Line_1_dir_fwd_2;veh_Bus_Line_3_dir_bwd_3,train_type;bus_type,pt,10326.0,zone_4_26,zone_26_20,home,work,25200.0
veh_Train_Line_1_dir_bwd_2;veh_Bus_Line_1_dir_bwd_3,train_type;bus_type,pt,10464.0,zone_19_26,zone_3_14,home,work,25200.0
veh_Tram_Line_1_dir_fwd_2;veh_Bus_Line_3_dir_fwd_3,tram_type;bus_type,pt,10531.0,zone_4_4,zone_25_11,home,work,25200.0
veh_Bus_Line_2_dir_bwd_2;veh_Tram_Line_1_dir_fwd_3,bus_type;tram_type,pt,10559.0,zone_12_15,zone_27_8,home,work,25200.0
,,pt,10566.0,zone_27_18,zone_14_10,home,work,25200.0
veh_Bus_Line_2_dir_bwd_2;veh_Tram_Line_1_dir_bwd_3,bus_type;tram_type,pt,10593.0,zone_11_17,zone_6_2,home,work,25200.0
veh_Tram_Line_1_dir_bwd_2;veh_Bus_Line_2_dir_fwd_3,tram_type;bus_type,pt,10605.0,zone_20_7,zone_19_28,home,work,25200.0
veh_Bus_Line_2_dir_fwd_3,bus_type,pt,10607.0,zone_21_12,zone_11_28,home,work,25200.0
veh_Bus_Line_1_dir_bwd_3,bus_type,pt,10671.0,zone_3_28,zone_4_0,home,work,25200.0
veh_Bus_Line_2_dir_fwd_2;veh_Train_Line_1_dir_bwd_3,bus_type;train_type,pt,10681.0,zone_20_16,zone_5_27,home,work,25200.0
veh_Bus_Line_2_dir_fwd_2;veh_Train_Line_1_dir_fwd_3,bus_type;train_type,pt,10700.0,zone_14_4,zone_25_20,home,work,25200.0
veh_Bus_Line_2_dir_bwd_2;veh_Tram_Line_1_dir_bwd_3,bus_type;tram_type,pt,10737.0,zone_19_18,zone_8_10,home,work,25200.0
veh_Train_Line_1_dir_fwd_2;veh_Bus_Line_3_dir_bwd_3,train_type;bus_type,pt,10738.0,zone_5_26,zone_25_1,home,work,25200.0
veh_Tram_Line_1_dir_fwd_2;veh_Bus_Line_3_dir_bwd_3,tram_type;bus_type,pt,10812.0,zone_7_1,zone_25_0,home,work,25200.0
veh_Train_Line_1_dir_bwd_2;veh_Bus_Line_1_dir_bwd_3,train_type;bus_type,pt,10858.0,zone_20_27,zone_5_12,home,work,25200.0
,,pt,10859.0,zone_27_11,zone_17_22,home,work,25200.0
veh_Train_Line_1_dir_fwd_2;veh_Bus_Line_2_dir_bwd_3,train_type;bus_type,pt,10959.0,zone_5_22,zone_10_15,home,work,25200.0
veh_Bus_Line_3_dir_fwd_3,bus_type,pt,10983.0,zone_24_14,zone_25_29,home,work,25200.0
,,pt,10984.0,zone_2_0,zone_14_11,home,work,25200.0
veh_Tram_Line_1_dir_fwd_2;veh_Bus_Line_2_dir_fwd_3,tram_type;bus_type,pt,11036.0,zone_6_3,zone_20_18,home,work,25200.0
,,pt,11113.0,zone_27_14,zone_13_22,home,work,25200.0
veh_Tram_Line_1_dir_bwd_2;veh_Bus_Line_1_dir_fwd_3,tram_type;bus_type,pt,11170.0,zone_22_8,zone_5_13,home,work,25200.0
,,pt,11209.0,zone_1_14,zone_17_20,home,work,25200.0
veh_Bus_Line_2_dir_bwd_2;veh_Tram_Line_1_dir_fwd_3,bus_type;tram_type,pt,11294.0,zone_10_18,zone_21_1,home,work,25200.0
veh_Tram_Line_1_dir_fwd_2;veh_Bus_Line_3_dir_fwd_3,tram_type;bus_type,pt,11323.0,zone_9_9,zone_24_29,home,work,25200.0
,,pt,11334.0,zone_29_13,zone_14_21,home,work,25200.0
veh_Train_Line_1_dir_fwd_2;veh_Bus_Line_2_dir_bwd_3,train_type;bus_type,pt,11394.0,zone_9_27,zone_8_12,home,work,25200.0
veh_Train_Line_1_dir_bwd_2;veh_Bus_Line_1_dir_bwd_3,train_type;bus_type,pt,11516.0,zone_18_23,zone_5_1,home,work,25200.0
veh_Tram_Line_1_dir_bwd_2;veh_Bus_Line_1_dir_fwd_3,tram_type;bus_type,pt,11554.0,zone_20_8,zone_5_14,home,work,25200.0
veh_Train_Line_1_dir_bwd_3;veh_Bus_Line_1_dir_bwd_4,train_type;bus_type,pt,11563.0,zone_23_29,zone_0_18,home,work,25200.0
veh_Bus_Line_2_dir_bwd_2;veh_Tram_Line_1_dir_fwd_3,bus_type;tram_type,pt,11642.0,zone_14_28,zone_22_11,home,work,25200.0
veh_Bus_Line_2_dir_fwd_3;veh_Train_Line_1_dir_bwd_4,bus_type;train_type,pt,11674.0,zone_12_1,zone_8_24,home,work,25200.0
,,pt,11769.0,zone_3_29,zone_0_15,home,work,25200.0
veh_Bus_Line_2_dir_bwd_3,bus_type,pt,11849.0,zone_14_29,zone_21_0,home,work,25200.0
veh_Train_Line_1_dir_fwd_2;veh_Bus_Line_2_dir_bwd_3;veh_Tram_Line_1_dir_fwd_4,train_type;bus_type;tram_type,pt,11869.0,zone_9_25,zone_21_6,home,work,25200.0
veh_Train_Line_1_dir_bwd_2;veh_Bus_Line_1_dir_bwd_3,train_type;bus_type,pt,11876.0,zone_21_25,zone_5_14,home,work,25200.0
veh_Bus_Line_2_dir_bwd_2;veh_Tram_Line_1_dir_bwd_3;veh_Bus_Line_1_dir_fwd_4,bus_type;tram_type;bus_type,pt,11921.0,zone_9_17,zone_1_17,home,work,25200.0
,,pt,11923.0,zone_6_16,zone_13_2,home,work,25200.0
veh_Bus_Line_2_dir_bwd_2;veh_Tram_Line_1_dir_bwd_3;veh_Bus_Line_1_dir_fwd_4,bus_type;tram_type;bus_type,pt,11973.0,zone_11_15,zone_1_18,home,work,25200.0
veh_Train_Line_1_dir_fwd_3;veh_Bus_Line_3_dir_bwd_4,train_type;bus_type,pt,11992.0,zone_0_24,zone_29_0,home,work,25200.0
veh_Tram_Line_1_dir_bwd_3;veh_Bus_Line_1_dir_fwd_4,tram_type;bus_type,pt,12028.0,zone_12_1,zone_1_29,home,work,25200.0
veh_Tram_Line_1_dir_bwd_2;veh_Bus_Line_2_dir_fwd_3,tram_type;bus_type,pt,12029.0,zone_21_9,zone_8_14,home,work,25200.0
veh_Train_Line_1_dir_bwd_2;veh_Bus_Line_1_dir_bwd_3,train_type;bus_type,pt,12084.0,zone_16_26,zone_6_15,home,work,25200.0
veh_Train_Line_1_dir_bwd_3;veh_Bus_Line_2_dir_fwd_3,train_type;bus_type,pt,12105.0,zone_24_28,zone_8_29,home,work,25200.0
,,pt,12126.0,zone_24_16,zone_11_4,home,work,25200.0
veh_Train_Line_1_dir_bwd_2;veh_Bus_Line_2_dir_bwd_3;veh_Tram_Line_1_dir_fwd_4,train_type;bus_type;tram_type,pt,12244.0,zone_21_22,zone_22_7,home,work,25200.0
veh_Train_Line_1_dir_bwd_3;veh_Bus_Line_1_dir_bwd_4,train_type;bus_type,pt,12261.0,zone_22_29,zone_1_13,home,work,25200.0
veh_Train_Line_1_dir_bwd_2;veh_Bus_Line_2_dir_bwd_3,train_type;bus_type,pt,12293.0,zone_24_24,zone_7_0,home,work,25200.0
,,pt,12368.0,zone_27_12,zone_12_22,home,work,25200.0
veh_Train_Line_1_dir_bwd_3;veh_Bus_Line_2_dir_bwd_4,train_type;bus_type,pt,12616.0,zone_29_25,zone_17_10,home,work,25200.0
veh_Bus_Line_2_dir_fwd_2;veh_Train_Line_1_dir_fwd_3;veh_Bus_Line_3_dir_bwd_4,bus_type;train_type;bus_type,pt,12668.0,zone_14_16,zone_27_17,home,work,25200.0
,,pt,12698.0,zone_0_4,zone_20_5,home,work,25200.0
veh_Train_Line_1_dir_bwd_3;veh_Bus_Line_1_dir_bwd_4,train_type;bus_type,pt,12738.0,zone_27_27,zone_2_18,home,work,25200.0
veh_Tram_Line_1_dir_bwd_2;veh_Bus_Line_2_dir_fwd_3;veh_Train_Line_1_dir_bwd_4,tram_type;bus_type;train_type,pt,12828.0,zone_26_3,zone_7_21,home,work,25200.0
,,pt,12846.0,zone_26_0,zone_19_15,home,work,25200.0
,,pt,12909.0,zone_29_12,zone_8_15,home,work,25200.0
veh_Bus_Line_2_dir_fwd_2;veh_Train_Line_1_dir_fwd_3;veh_Bus_Line_3_dir_bwd_4,bus_type;train_type;bus_type,pt,12910.0,zone_17_13,zone_29_15,home,work,25200.0
veh_Train_Line_1_dir_bwd_3;veh_Bus_Line_2_dir_bwd_4,train_type;bus_type,pt,12922.0,zone_20_29,zone_13_4,home,work,25200.0
,,pt,12925.0,zone_6_17,zone_9_1,home,work,25200.0
veh_Train_Line_1_dir_bwd_3;veh_Bus_Line_1_dir_bwd_4,train_type;bus_type,pt,12928.0,zone_25_28,zone_1_20,home,work,25200.0
veh_Bus_Line_2_dir_bwd_2;veh_Tram_Line_1_dir_bwd_3;veh_Bus_Line_1_dir_fwd_4,bus_type;tram_type;bus_type,pt,12960.0,zone_15_16,zone_1_19,home,work,25200.0
veh_Bus_Line_2_dir_bwd_3;veh_Tram_Line_1_dir_fwd_4,bus_type;tram_type,pt,12986.0,zone_9_15,zone_20_7,home,work,25200.0
veh_Train_Line_1_dir_bwd_3;veh_Bus_Line_2_dir_bwd_4,train_type;bus_type,pt,13001.0,zone_24_18,zone_14_9,home,work,25200.0
veh_Tram_Line_1_dir_bwd_3;veh_Bus_Line_1_dir_fwd_4,tram_type;bus_type,pt,13038.0,zone_28_5,zone_2_23,home,work,25200.0
veh_Tram_Line_1_dir_bwd_3;veh_Bus_Line_2_dir_fwd_4,tram_type;bus_type,pt,13152.0,zone_28_9,zone_12_16,home,work,25200.0
veh_Tram_Line_1_dir_bwd_3;veh_Bus_Line_2_dir_fwd_4,tram_type;bus_type,pt,13163.0,zone_21_0,zone_12_22,home,work,25200.0
veh_Tram_Line_1_dir_bwd_2;veh_Bus_Line_2_dir_fwd_3;veh_Train_Line_1_dir_bwd_4,tram_type;bus_type;train_type,pt,13219.0,zone_24_9,zone_4_25,home,work,25200.0
,,pt,13234.0,zone_0_9,zone_20_5,home,work,25200.0
veh_Bus_Line_2_dir_bwd_3;veh_Tram_Line_1_dir_bwd_4,bus_type;tram_type,pt,13243.0,zone_21_17,zone_10_7,home,work,25200.0
veh_Tram_Line_1_dir_bwd_3;veh_Bus_Line_1_dir_fwd_4,tram_type;bus_type,pt,13273.0,zone_28_4,zone_3_18,home,work,25200.0
veh_Train_Line_1_dir_fwd_2;veh_Bus_Line_2_dir_bwd_3;veh_Tram_Line_1_dir_fwd_4,train_type;bus_type;tram_type,pt,13291.0,zone_8_24,zone_19_7,home,work,25200.0
veh_Tram_Line_1_dir_bwd_2;veh_Bus_Line_2_dir_fwd_3;veh_Train_Line_1_dir_bwd_4,tram_type;bus_type;train_type,pt,13314.0,zone_20_6,zone_5_21,home,work,25200.0
veh_Bus_Line_2_dir_fwd_3;veh_Train_Line_1_dir_bwd_4,bus_type;train_type,pt,13326.0,zone_12_1,zone_3_23,home,work,25200.0
veh_Tram_Line_1_dir_bwd_3;veh_Bus_Line_2_dir_fwd_4,tram_type;bus_type,pt,13338.0,zone_26_1,zone_12_22,home,work,25200.0
,,pt,13467.0,zone_29_1,zone_19_16,home,work,25200.0
,,pt,13545.0,zone_0_0,zone_21_5,home,work,25200.0
veh_Tram_Line_1_dir_fwd_2;veh_Bus_Line_2_dir_fwd_3;veh_Train_Line_1_dir_bwd_4,tram_type;bus_type;train_type,pt,13558.0,zone_4_7,zone_7_20,home,work,25200.0
,,pt,13595.0,zone_29_18,zone_7_21,home,work,25200.0
,,pt,13611.0,zone_25_13,zone_10_1,home,work,25200.0
,,pt,13618.0,zone_1_14,zone_22_19,home,work,25200.0
veh_Train_Line_1_dir_fwd_3;veh_Bus_Line_2_dir_bwd_4,train_type;bus_type,pt,13645.0,zone_5_28,zone_16_3,home,work,25200.0
veh_Train_Line_1_dir_bwd_3;veh_Bus_Line_2_dir_bwd_4,train_type;bus_type,pt,13697.0,zone_28_25,zone_11_5,home,work,25200.0
veh_Tram_Line_1_dir_bwd_3;veh_Bus_Line_2_dir_fwd_4,tram_type;bus_type,pt,13714.0,zone_27_9,zone_18_25,home,work,25200.0
,,pt,13745.0,zone_27_14,zone_9_4,home,work,25200.0
veh_Tram_Line_1_dir_bwd_3;veh_Bus_Line_2_dir_fwd_4,tram_type;bus_type,pt,13795.0,zone_24_1,zone_10_13,home,work,25200.0
veh_Tram_Line_1_dir_fwd_3;veh_Bus_Line_3_dir_fwd_4,tram_type;bus_type,pt,13847.0,zone_13_0,zone_26_25,home,work,25200.0
veh_Bus_Line_2_dir_fwd_2;veh_Train_Line_1_dir_bwd_3;veh_Bus_Line_1_dir_bwd_4,bus_type;train_type;bus_type,pt,13911.0,zone_19_15,zone_4_12,home,work,25200.0
veh_Train_Line_1_dir_bwd_3;veh_Bus_Line_2_dir_bwd_4,train_type;bus_type,pt,14005.0,zone_22_28,zone_17_2,home,work,25200.0
,,pt,14054.0,zone_29_11,zone_7_15,home,work,25200.0
veh_Train_Line_1_dir_bwd_2;veh_Bus_Line_2_dir_bwd_3;veh_Tram_Line_1_dir_bwd_4,train_type;bus_type;tram_type,pt,14066.0,zone_24_22,zone_8_9,home,work,25200.0
veh_Train_Line_1_dir_bwd_3;veh_Bus_Line_1_dir_bwd_4,train_type;bus_type,pt,14140.0,zone_5_29,zone_2_3,home,work,25200.0
veh_Tram_Line_1_dir_bwd_2;veh_Bus_Line_2_dir_fwd_3;veh_Train_Line_1_dir_fwd_4,tram_type;bus_type;train_type,pt,14178.0,zone_23_5,zone_22_20,home,work,25200.0
veh_Train_Line_1_dir_bwd_2;veh_Bus_Line_2_dir_bwd_3;veh_Tram_Line_1_dir_bwd_4,train_type;bus_type;tram_type,pt,14178.0,zone_25_22,zone_10_9,home,work,25200.0
veh_Train_Line_1_dir_bwd_3;veh_Bus_Line_2_dir_bwd_4,train_type;bus_type,pt,14441.0,zone_22_19,zone_9_12,home,work,25200.0
veh_Tram_Line_1_dir_fwd_3;veh_Bus_Line_3_dir_fwd_4,tram_type;bus_type,pt,14644.0,zone_2_8,zone_24_12,home,work,25200.0
,,pt,14766.0,zone_5_14,zone_19_29,home,work,25200.0
veh_Tram_Line_1_dir_bwd_3;veh_Bus_Line_2_dir_fwd_4,tram_type;bus_type,pt,14809.0,zone_28_4,zone_9_18,home,work,25200.0
,,pt,14881.0,zone_3_18,zone_27_20,home,work,25200.0
veh_Bus_Line_2_dir_bwd_2;veh_Tram_Line_1_dir_fwd_3;veh_Bus_Line_3_dir_fwd_4,bus_type;tram_type;bus_type,pt,14960.0,zone_10_10,zone_24_14,home,work,25200.0
veh_Tram_Line_1_dir_fwd_3;veh_Bus_Line_2_dir_fwd_4,tram_type;bus_type,pt,14984.0,zone_1_3,zone_20_16,home,work,25200.0
veh_Tram_Line_1_dir_fwd_3;veh_Bus_Line_2_dir_fwd_4,tram_type;bus_type,pt,15011.0,zone_4_11,zone_9_29,home,work,25200.0
,,pt,15177.0,zone_2_17,zone_24_25,home,work,25200.0
,,pt,15219.0,zone_26_11,zone_14_28,home,work,25200.0
,,pt,15234.0,zone_29_9,zone_11_23,home,work,25200.0
,,pt,15267.0,zone_24_17,zone_5_28,home,work,25200.0
veh_Tram_Line_1_dir_bwd_3;veh_Bus_Line_2_dir_fwd_4,tram_type;bus_type,pt,15483.0,zone_29_4,zone_7_13,home,work,25200.0
veh_Bus_Line_2_dir_fwd_2;veh_Train_Line_1_dir_fwd_3;veh_Bus_Line_3_dir_bwd_4,bus_type;train_type;bus_type,pt,15581.0,zone_16_15,zone_23_0,home,work,25200.0
veh_Tram_Line_1_dir_fwd_3;veh_Bus_Line_3_dir_fwd_4,tram_type;bus_type,pt,15706.0,zone_13_0,zone_22_17,home,work,25200.0
,,pt,15784.0,zone_29_10,zone_10_23,home,work,25200.0
,,pt,16061.0,zone_27_13,zone_3_22,home,work,25200.0
,,pt,16213.0,zone_29_16,zone_3_14,home,work,25200.0
,,pt,16582.0,zone_23_16,zone_0_26,home,work,25200.0
,,pt,16879.0,zone_0_14,zone_24_3,home,work,25200.0
,,pt,16903.0,zone_0_12,zone_24_22,home,work,25200.0
,,pt,16956.0,zone_0_8,zone_27_5,home,work,25200.0
,,pt,17138.0,zone_27_16,zone_4_27,home,work,25200.0
,,pt,18076.0,zone_6_17,zone_26_0,home,work,25200.0
,,pt,18287.0,zone_29_8,zone_4_19,home,work,25200.0
,,pt,18332.0,zone_0_16,zone_26_28,home,work,25200.0
,,pt,18509.0,zone_1_0,zone_22_16,home,work,25200.0
,,pt,18685.0,zone_0_13,zone_28_3,home,work,25200.0
,,pt,18867.0,zone_29_0,zone_8_18,home,work,25200.0
,,pt,18953.0,zone_28_15,zone_1_4,home,work,25200.0
,,pt,19605.0,zone_0_15,zone_26_1,home,work,25200.0
,,pt,19779.0,zone_26_29,zone_18_5,home,work,25200.0
,,pt,19893.0,zone_0_14,zone_29_3,home,work,25200.0
,,pt,20072.0,zone_0_18,zone_28_5,home,work,25200.0
,,pt,20110.0,zone_0_27,zone_14_4,home,work,25200.0
,,pt,20560.0,zone_3_0,zone_26_19,home,work,25200.0
,,pt,20871.0,zone_2_10,zone_26_29,home,work,25200.0
,,pt,22185.0,zone_27_0,zone_13_26,home,work,25200.0
p_136,undefined,car,28.0,zone_11_26,zone_9_24,work,home,61200.0
p_432,undefined,car,136.0,zone_2_25,zone_9_23,work,home,61200.0
p_16,undefined,car,143.0,zone_5_15,zone_10_18,work,home,61200.0
p_100,undefined,car,143.0,zone_3_19,zone_11_16,work,home,61200.0
p_42,undefined,car,143.0,zone_10_17,zone_15_18,work,home,61200.0
p_339,undefined,car,150.0,zone_10_5,zone_13_10,work,home,61200.0
p_258,undefined,car,157.0,zone_13_15,zone_21_17,work,home,61200.0
p_153,undefined,car,164.0,zone_13_2,zone_16_8,work,home,61200.0
,,pt,245.0,zone_20_6,zone_21_6,work,home,61200.0
p_452,undefined,car,272.0,zone_9_8,zone_10_20,work,home,61200.0
p_277,undefined,car,272.0,zone_3_17,zone_14_20,work,home,61200.0
p_497,undefined,car,272.0,zone_16_19,zone_20_17,work,home,61200.0
p_88,undefined,car,272.0,zone_20_8,zone_29_16,work,home,61200.0
p_5,undefined,car,272.0,zone_18_17,zone_23_25,work,home,61200.0
p_480,undefined,car,272.0,zone_12_23,zone_6_25,work,home,61200.0
p_80,undefined,car,272.0,zone_20_21,zone_27_19,work,home,61200.0
p_402,undefined,car,279.0,zone_9_7,zone_17_0,work,home,61200.0
p_371,undefined,car,286.0,zone_11_3,zone_14_17,work,home,61200.0
p_443,undefined,car,286.0,zone_11_22,zone_15_20,work,home,61200.0
p_383,undefined,car,293.0,zone_13_20,zone_18_17,work,home,61200.0
p_172,undefined,car,293.0,zone_28_19,zone_21_28,work,home,61200.0
p_124,undefined,car,293.0,zone_5_25,zone_7_20,work,home,61200.0
p_114,undefined,car,293.0,zone_28_14,zone_26_20,work,home,61200.0
p_20,undefined,car,293.0,zone_20_6,zone_25_12,work,home,61200.0
p_174,undefined,car,293.0,zone_19_15,zone_27_12,work,home,61200.0
p_149,undefined,car,293.0,zone_6_22,zone_14_25,work,home,61200.0
p_220,undefined,car,293.0,zone_25_2,zone_26_0,work,home,61200.0
p_179,undefined,car,293.0,zone_24_28,zone_27_27,work,home,61200.0
p_261,undefined,car,300.0,zone_7_17,zone_28_17,work,home,61200.0
p_210,undefined,car,300.0,zone_8_1,zone_16_5,work,home,61200.0
p_29,undefined,car,300.0,zone_15_21,zone_24_24,work,home,61200.0
p_64,undefined,car,408.0,zone_6_23,zone_12_21,work,home,61200.0
p_83,undefined,car,408.0,zone_24_4,zone_25_18,work,home,61200.0
p_482,undefined,car,408.0,zone_14_11,zone_19_0,work,home,61200.0
p_307,undefined,car,408.0,zone_19_0,zone_11_0,work,home,61200.0
p_95,undefined,car,408.0,zone_28_11,zone_16_12,work,home,61200.0
p_99,undefined,car,408.0,zone_6_4,zone_18_14,work,home,61200.0
p_131,undefined,car,408.0,zone_18_11,zone_19_5,work,home,61200.0
p_59,undefined,car,408.0,zone_10_18,zone_14_24,work,home,61200.0
p_430,undefined,car,408.0,zone_6_12,zone_5_1,work,home,61200.0
p_112,undefined,car,408.0,zone_0_22,zone_5_11,work,home,61200.0
p_243,undefined,car,415.0,zone_12_1,zone_11_14,work,home,61200.0
p_406,undefined,car,415.0,zone_14_2,zone_16_20,work,home,61200.0
p_325,undefined,car,415.0,zone_27_25,zone_27_22,work,home,61200.0
p_495,undefined,car,415.0,zone_5_4,zone_9_19,work,home,61200.0
p_492,undefined,car,415.0,zone_28_8,zone_24_20,work,home,61200.0
p_12,undefined,car,422.0,zone_11_0,zone_12_15,work,home,61200.0
p_346,undefined,car,422.0,zone_10_19,zone_11_10,work,home,61200.0
p_105,undefined,car,422.0,zone_4_8,zone_15_0,work,home,61200.0
p_47,undefined,car,422.0,zone_15_20,zone_23_21,work,home,61200.0
p_294,undefined,car,429.0,zone_21_4,zone_6_8,work,home,61200.0
p_212,undefined,car,429.0,zone_15_17,zone_15_25,work,home,61200.0
p_326,undefined,car,429.0,zone_10_5,zone_19_15,work,home,61200.0
p_219,undefined,car,429.0,zone_19_23,zone_25_9,work,home,61200.0
p_345,undefined,car,429.0,zone_11_16,zone_3_17,work,home,61200.0
p_250,undefined,car,429.0,zone_28_7,zone_27_0,work,home,61200.0
p_404,undefined,car,436.0,zone_7_4,zone_16_12,work,home,61200.0
p_24,undefined,car,436.0,zone_12_4,zone_12_10,work,home,61200.0
p_308,undefined,car,436.0,zone_16_5,zone_19_10,work,home,61200.0
p_195,undefined,car,436.0,zone_28_5,zone_23_14,work,home,61200.0
p_135,undefined,car,436.0,zone_12_12,zone_16_23,work,home,61200.0
p_328,undefined,car,436.0,zone_21_9,zone_29_10,work,home,61200.0
p_348,undefined,car,443.0,zone_24_25,zone_20_21,work,home,61200.0
p_401,undefined,car,444.0,zone_11_27,zone_18_20,work,home,61200.0
p_229,undefined,car,444.0,zone_22_8,zone_15_8,work,home,61200.0
p_166,undefined,car,444.0,zone_10_3,zone_26_5,work,home,61200.0
p_170,undefined,car,451.0,zone_14_5,zone_8_14,work,home,61200.0
,,pt,483.0,zone_19_28,zone_20_28,work,home,61200.0
p_411,undefined,car,544.0,zone_4_1,zone_19_8,work,home,61200.0
p_449,undefined,car,544.0,zone_19_4,zone_15_20,work,home,61200.0
p_407,undefined,car,544.0,zone_12_11,zone_5_27,work,home,61200.0
p_89,undefined,car,544.0,zone_20_25,zone_20_17,work,home,61200.0
p_49,undefined,car,544.0,zone_29_29,zone_11_27,work,home,61200.0
,,pt,546.0,zone_29_27,zone_28_26,work,home,61200.0
p_472,undefined,car,551.0,zone_25_17,zone_23_9,work,home,61200.0
p_202,undefined,car,551.0,zone_25_2,zone_21_16,work,home,61200.0
p_442,undefined,car,551.0,zone_21_28,zone_23_11,work,home,61200.0
p_82,undefined,car,551.0,zone_27_5,zone_12_6,work,home,61200.0
p_213,undefined,car,551.0,zone_18_15,zone_17_28,work,home,61200.0
p_296,undefined,car,558.0,zone_4_10,zone_20_8,work,home,61200.0
p_448,undefined,car,558.0,zone_28_13,zone_7_22,work,home,61200.0
p_377,undefined,car,558.0,zone_25_4,zone_22_22,work,home,61200.0
p_384,undefined,car,558.0,zone_12_11,zone_6_26,work,home,61200.0
p_441,undefined,car,558.0,zone_25_26,zone_24_12,work,home,61200.0
p_259,undefined,car,558.0,zone_14_3,zone_0_5,work,home,61200.0
p_181,undefined,car,565.0,zone_14_5,zone_8_22,work,home,61200.0
p_45,undefined,car,565.0,zone_9_29,zone_19_13,work,home,61200.0
p_309,undefined,car,565.0,zone_20_28,zone_5_26,work,home,61200.0
p_312,undefined,car,565.0,zone_10_13,zone_29_21,work,home,61200.0
p_200,undefined,car,580.0,zone_19_22,zone_15_11,work,home,61200.0
p_11,undefined,car,580.0,zone_11_14,zone_11_24,work,home,61200.0
p_197,undefined,car,580.0,zone_16_5,zone_4_5,work,home,61200.0
p_204,undefined,car,587.0,zone_21_10,zone_12_16,work,home,61200.0
p_104,undefined,car,594.0,zone_5_6,zone_6_29,work,home,61200.0
p_235,undefined,car,680.0,zone_0_12,zone_22_7,work,home,61200.0
p_223,undefined,car,680.0,zone_0_26,zone_7_14,work,home,61200.0
p_208,undefined,car,680.0,zone_1_7,zone_19_21,work,home,61200.0
p_98,undefined,car,680.0,zone_11_7,zone_22_29,work,home,61200.0
p_91,undefined,car,680.0,zone_5_27,zone_7_8,work,home,61200.0
p_274,undefined,car,680.0,zone_20_15,zone_0_27,work,home,61200.0
p_301,undefined,car,680.0,zone_6_14,zone_16_3,work,home,61200.0
p_400,undefined,car,687.0,zone_16_6,zone_8_20,work,home,61200.0
p_79,undefined,car,687.0,zone_23_9,zone_12_22,work,home,61200.0
p_238,undefined,car,687.0,zone_2_25,zone_2_8,work,home,61200.0
p_78,undefined,car,687.0,zone_15_16,zone_28_9,work,home,61200.0
p_70,undefined,car,694.0,zone_15_12,zone_3_3,work,home,61200.0
p_65,undefined,car,694.0,zone_19_20,zone_28_10,work,home,61200.0
p_365,undefined,car,694.0,zone_22_3,zone_4_9,work,home,61200.0
p_35,undefined,car,694.0,zone_13_12,zone_5_22,work,home,61200.0
p_334,undefined,car,694.0,zone_15_12,zone_22_0,work,home,61200.0
p_225,undefined,car,694.0,zone_15_11,zone_29_24,work,home,61200.0
p_395,undefined,car,694.0,zone_21_7,zone_7_5,work,home,61200.0
p_320,undefined,car,701.0,zone_7_22,zone_18_4,work,home,61200.0
p_389,undefined,car,701.0,zone_7_21,zone_0_9,work,home,61200.0
p_194,undefined,car,701.0,zone_3_11,zone_24_26,work,home,61200.0
p_362,undefined,car,701.0,zone_18_20,zone_1_11,work,home,61200.0
p_19,undefined,car,701.0,zone_20_15,zone_5_22,work,home,61200.0
p_349,undefined,car,701.0,zone_22_11,zone_3_19,work,home,61200.0
p_43,undefined,car,708.0,zone_12_25,zone_20_10,work,home,61200.0
p_293,undefined,car,708.0,zone_28_12,zone_7_21,work,home,61200.0
p_267,undefined,car,708.0,zone_25_29,zone_7_27,work,home,61200.0
p_106,undefined,car,708.0,zone_3_4,zone_26_19,work,home,61200.0
p_184,undefined,car,708.0,zone_21_21,zone_12_10,work,home,61200.0
p_190,undefined,car,708.0,zone_20_21,zone_28_0,work,home,61200.0
p_237,undefined,car,716.0,zone_21_28,zone_7_20,work,home,61200.0
p_218,undefined,car,716.0,zone_11_21,zone_24_7,work,home,61200.0
p_157,undefined,car,716.0,zone_9_17,zone_10_0,work,home,61200.0
p_13,undefined,car,723.0,zone_13_24,zone_15_1,work,home,61200.0
p_391,undefined,car,816.0,zone_27_23,zone_9_13,work,home,61200.0
p_489,undefined,car,816.0,zone_28_1,zone_0_1,work,home,61200.0
p_3,undefined,car,823.0,zone_19_27,zone_17_4,work,home,61200.0
p_263,undefined,car,823.0,zone_1_29,zone_6_4,work,home,61200.0
p_84,undefined,car,823.0,zone_28_13,zone_19_0,work,home,61200.0
p_37,undefined,car,823.0,zone_4_14,zone_26_28,work,home,61200.0
p_53,undefined,car,823.0,zone_28_20,zone_0_14,work,home,61200.0
p_322,undefined,car,830.0,zone_24_20,zone_13_5,work,home,61200.0
p_462,undefined,car,830.0,zone_25_28,zone_18_12,work,home,61200.0
p_40,undefined,car,837.0,zone_26_14,zone_6_3,work,home,61200.0
p_86,undefined,car,837.0,zone_7_2,zone_26_25,work,home,61200.0
p_25,undefined,car,837.0,zone_27_26,zone_11_16,work,home,61200.0
p_281,undefined,car,844.0,zone_21_25,zone_23_2,work,home,61200.0
p_280,undefined,car,852.0,zone_27_12,zone_11_24,work,home,61200.0
p_199,undefined,car,852.0,zone_10_8,zone_2_27,work,home,61200.0
p_240,undefined,car,859.0,zone_26_14,zone_5_27,work,home,61200.0
p_122,undefined,car,866.0,zone_12_23,zone_20_4,work,home,61200.0
p_236,undefined,car,866.0,zone_26_11,zone_6_5,work,home,61200.0
p_338,undefined,car,952.0,zone_11_26,zone_22_5,work,home,61200.0
p_387,undefined,car,952.0,zone_17_25,zone_2_7,work,home,61200.0
p_385,undefined,car,966.0,zone_28_23,zone_11_4,work,home,61200.0
p_66,undefined,car,966.0,zone_10_28,zone_28_10,work,home,61200.0
p_171,undefined,car,966.0,zone_28_9,zone_3_2,work,home,61200.0
p_353,undefined,car,973.0,zone_11_29,zone_10_0,work,home,61200.0
p_121,undefined,car,980.0,zone_16_26,zone_26_1,work,home,61200.0
p_186,undefined,car,995.0,zone_22_28,zone_10_6,work,home,61200.0
p_367,undefined,car,995.0,zone_8_4,zone_28_29,work,home,61200.0
,,pt,1068.0,zone_19_6,zone_17_6,work,home,61200.0
p_31,undefined,car,1088.0,zone_27_0,zone_16_28,work,home,61200.0
,,pt,1099.0,zone_2_14,zone_3_13,work,home,61200.0
,,pt,1574.0,zone_4_12,zone_6_11,work,home,61200.0
,,pt,1795.0,zone_4_0,zone_6_1,work,home,61200.0
,,pt,1859.0,zone_3_22,zone_0_21,work,home,61200.0
,,pt,1997.0,zone_9_16,zone_9_18,work,home,61200.0
,,pt,2033.0,zone_19_26,zone_17_28,work,home,61200.0
,,pt,2097.0,zone_12_15,zone_15_16,work,home,61200.0
,,pt,2098.0,zone_6_17,zone_5_14,work,home,61200.0
,,pt,2100.0,zone_24_7,zone_26_9,work,home,61200.0
,,pt,2147.0,zone_5_17,zone_6_20,work,home,61200.0
,,pt,2241.0,zone_24_18,zone_21_19,work,home,61200.0
,,pt,2332.0,zone_16_25,zone_19_25,work,home,61200.0
,,pt,2477.0,zone_4_4,zone_5_1,work,home,61200.0
,,pt,2538.0,zone_0_0,zone_0_3,work,home,61200.0
,,pt,2577.0,zone_2_15,zone_0_18,work,home,61200.0
,,pt,2578.0,zone_19_27,zone_23_28,work,home,61200.0
,,pt,2773.0,zone_20_14,zone_19_18,work,home,61200.0
,,pt,2817.0,zone_13_13,zone_17_12,work,home,61200.0
,,pt,2819.0,zone_19_16,zone_14_15,work,home,61200.0
,,pt,2842.0,zone_24_15,zone_28_12,work,home,61200.0
,,pt,2890.0,zone_3_11,zone_1_14,work,home,61200.0
,,pt,3334.0,zone_23_15,zone_26_12,work,home,61200.0
,,pt,3593.0,zone_27_25,zone_27_20,work,home,61200.0
,,pt,3726.0,zone_28_0,zone_24_4,work,home,61200.0
,,pt,3731.0,zone_18_11,zone_13_7,work,home,61200.0
,,pt,3835.0,zone_9_11,zone_10_6,work,home,61200.0
,,pt,3859.0,zone_24_18,zone_18_19,work,home,61200.0
,,pt,3894.0,zone_14_12,zone_17_8,work,home,61200.0
,,pt,3918.0,zone_12_19,zone_11_14,work,home,61200.0
,,pt,3964.0,zone_7_9,zone_1_10,work,home,61200.0
,,pt,4000.0,zone_10_6,zone_4_8,work,home,61200.0
,,pt,4094.0,zone_23_12,zone_19_16,work,home,61200.0
,,pt,4137.0,zone_22_23,zone_28_22,work,home,61200.0
,,pt,4172.0,zone_25_7,zone_29_12,work,home,61200.0
,,pt,4199.0,zone_5_6,zone_6_1,work,home,61200.0
,,pt,4204.0,zone_17_28,zone_10_29,work,home,61200.0
,,pt,4289.0,zone_22_7,zone_20_12,work,home,61200.0
,,pt,4352.0,zone_23_24,zone_29_21,work,home,61200.0
,,pt,4373.0,zone_23_5,zone_20_10,work,home,61200.0
,,pt,4389.0,zone_9_24,zone_6_19,work,home,61200.0
,,pt,4390.0,zone_10_4,zone_7_9,work,home,61200.0
,,pt,4403.0,zone_15_10,zone_14_16,work,home,61200.0
,,pt,4430.0,zone_13_23,zone_19_27,work,home,61200.0
,,pt,4509.0,zone_9_17,zone_12_11,work,home,61200.0
,,pt,4673.0,zone_9_25,zone_16_22,work,home,61200.0
,,pt,4749.0,zone_21_8,zone_27_4,work,home,61200.0
,,pt,4834.0,zone_5_22,zone_11_18,work,home,61200.0
,,pt,4844.0,zone_23_19,zone_20_25,work,home,61200.0
,,pt,4926.0,zone_1_17,zone_9_17,work,home,61200.0
,,pt,4958.0,zone_12_19,zone_20_20,work,home,61200.0
,,pt,5185.0,zone_11_20,zone_19_22,work,home,61200.0
,,pt,5198.0,zone_17_3,zone_22_7,work,home,61200.0
,,pt,5401.0,zone_11_0,zone_3_1,work,home,61200.0
,,pt,5425.0,zone_8_25,zone_16_25,work,home,61200.0
,,pt,5515.0,zone_2_14,zone_1_21,work,home,61200.0
,,pt,5561.0,zone_2_5,zone_9_10,work,home,61200.0
,,pt,5594.0,zone_2_19,zone_4_12,work,home,61200.0
,,pt,5639.0,zone_20_6,zone_27_1,work,home,61200.0
,,pt,5731.0,zone_13_1,zone_21_4,work,home,61200.0
,,pt,5759.0,zone_26_23,zone_17_25,work,home,61200.0
,,pt,5828.0,zone_4_11,zone_5_19,work,home,61200.0
,,pt,5866.0,zone_6_27,zone_10_20,work,home,61200.0
,,pt,5907.0,zone_12_17,zone_9_9,work,home,61200.0
,,pt,5910.0,zone_1_13,zone_3_6,work,home,61200.0
,,pt,5919.0,zone_3_9,zone_3_2,work,home,61200.0
,,pt,5941.0,zone_27_24,zone_20_18,work,home,61200.0
,,pt,6005.0,zone_23_13,zone_24_5,work,home,61200.0
,,pt,6039.0,zone_8_19,zone_1_14,work,home,61200.0
,,pt,6052.0,zone_10_9,zone_14_2,work,home,61200.0
,,pt,6158.0,zone_26_15,zone_27_7,work,home,61200.0
,,pt,6198.0,zone_10_15,zone_5_22,work,home,61200.0
,,pt,6216.0,zone_18_4,zone_25_9,work,home,61200.0
,,pt,6279.0,zone_9_16,zone_4_9,work,home,61200.0
,,pt,6329.0,zone_17_13,zone_14_6,work,home,61200.0
,,pt,6351.0,zone_5_24,zone_14_21,work,home,61200.0
,,pt,6375.0,zone_24_9,zone_25_1,work,home,61200.0
,,pt,6411.0,zone_6_16,zone_5_25,work,home,61200.0
,,pt,6493.0,zone_3_18,zone_12_21,work,home,61200.0
,,pt,6614.0,zone_22_8,zone_25_0,work,home,61200.0
,,pt,6694.0,zone_1_18,zone_11_15,work,home,61200.0
,,pt,6694.0,zone_22_21,zone_24_29,work,home,61200.0
,,pt,6778.0,zone_16_23,zone_24_29,work,home,61200.0
,,pt,6788.0,zone_9_18,zone_19_20,work,home,61200.0
,,pt,6853.0,zone_16_19,zone_26_24,work,home,61200.0
,,pt,6870.0,zone_12_11,zone_18_3,work,home,61200.0
,,pt,6878.0,zone_4_24,zone_15_24,work,home,61200.0
,,pt,7011.0,zone_9_8,zone_19_3,work,home,61200.0
,,pt,7047.0,zone_4_0,zone_15_1,work,home,61200.0
,,pt,7086.0,zone_15_21,zone_5_25,work,home,61200.0
,,pt,7116.0,zone_4_2,zone_2_11,work,home,61200.0
,,pt,7132.0,zone_4_4,zone_15_6,work,home,61200.0
,,pt,7274.0,zone_16_22,zone_9_15,work,home,61200.0
,,pt,7282.0,zone_15_2,zone_12_11,work,home,61200.0
,,pt,7344.0,zone_2_21,zone_10_14,work,home,61200.0
,,pt,7467.0,zone_23_24,zone_25_15,work,home,61200.0
,,pt,7480.0,zone_29_15,zone_17_13,work,home,61200.0
,,pt,7482.0,zone_26_19,zone_22_10,work,home,61200.0
,,pt,7516.0,zone_9_18,zone_15_9,work,home,61200.0
,,pt,7553.0,zone_28_12,zone_20_5,work,home,61200.0
,,pt,7604.0,zone_2_18,zone_3_8,work,home,61200.0
,,pt,7604.0,zone_13_13,zone_4_7,work,home,61200.0
,,pt,7679.0,zone_13_4,zone_22_10,work,home,61200.0
,,pt,7689.0,zone_1_13,zone_7_22,work,home,61200.0
,,pt,7751.0,zone_1_8,zone_11_14,work,home,61200.0
,,pt,7819.0,zone_13_13,zone_20_4,work,home,61200.0
,,pt,7936.0,zone_27_2,zone_25_12,work,home,61200.0
,,pt,7938.0,zone_28_7,zone_17_12,work,home,61200.0
,,pt,8021.0,zone_11_19,zone_7_9,work,home,61200.0
,,pt,8102.0,zone_7_3,zone_12_13,work,home,61200.0
,,pt,8139.0,zone_12_18,zone_5_27,work,home,61200.0
,,pt,8169.0,zone_22_14,zone_13_22,work,home,61200.0
,,pt,8293.0,zone_20_29,zone_23_19,work,home,61200.0
,,pt,8344.0,zone_1_14,zone_10_6,work,home,61200.0
,,pt,8347.0,zone_7_23,zone_18_17,work,home,61200.0
,,pt,8404.0,zone_17_11,zone_8_3,work,home,61200.0
,,pt,8417.0,zone_27_17,zone_14_16,work,home,61200.0
,,pt,8430.0,zone_14_18,zone_1_15,work,home,61200.0
,,pt,8461.0,zone_13_14,zone_14_24,work,home,61200.0
,,pt,8464.0,zone_17_6,zone_7_13,work,home,61200.0
,,pt,8505.0,zone_7_19,zone_18_25,work,home,61200.0
,,pt,8599.0,zone_29_24,zone_28_13,work,home,61200.0
,,pt,8865.0,zone_18_4,zone_12_14,work,home,61200.0
,,pt,8911.0,zone_14_23,zone_27_20,work,home,61200.0
,,pt,8924.0,zone_14_9,zone_24_18,work,home,61200.0
,,pt,8961.0,zone_6_7,zone_19_3,work,home,61200.0
,,pt,9044.0,zone_20_7,zone_9_15,work,home,61200.0
,,pt,9062.0,zone_18_2,zone_17_14,work,home,61200.0
,,pt,9083.0,zone_24_14,zone_10_10,work,home,61200.0
,,pt,9138.0,zone_25_18,zone_26_6,work,home,61200.0
,,pt,9164.0,zone_1_19,zone_15_16,work,home,61200.0
,,pt,9185.0,zone_17_16,zone_24_6,work,home,61200.0
,,pt,9205.0,zone_16_26,zone_25_16,work,home,61200.0
,,pt,9251.0,zone_28_11,zone_28_23,work,home,61200.0
,,pt,9258.0,zone_2_12,zone_5_23,work,home,61200.0
,,pt,9329.0,zone_9_12,zone_22_19,work,home,61200.0
,,pt,9365.0,zone_13_14,zone_25_21,work,home,61200.0
,,pt,9368.0,zone_17_29,zone_29_22,work,home,61200.0
,,pt,9388.0,zone_8_14,zone_21_9,work,home,61200.0
,,pt,9496.0,zone_20_0,zone_15_11,work,home,61200.0
,,pt,9580.0,zone_6_15,zone_22_17,work,home,61200.0
,,pt,9586.0,zone_8_10,zone_19_18,work,home,61200.0
,,pt,9654.0,zone_12_18,zone_1_10,work,home,61200.0
,,pt,9716.0,zone_2_0,zone_13_9,work,home,61200.0
,,pt,9738.0,zone_4_11,zone_3_24,work,home,61200.0
,,pt,9975.0,zone_24_23,zone_10_29,work,home,61200.0
,,pt,10015.0,zone_4_12,zone_19_15,work,home,61200.0
,,pt,10060.0,zone_11_9,zone_15_22,work,home,61200.0
,,pt,10154.0,zone_8_29,zone_24_28,work,home,61200.0
,,pt,10215.0,zone_10_11,zone_11_24,work,home,61200.0
,,pt,10261.0,zone_5_14,zone_20_8,work,home,61200.0
,,pt,10298.0,zone_7_20,zone_4_7,work,home,61200.0
,,pt,10334.0,zone_26_0,zone_10_4,work,home,61200.0
,,pt,10360.0,zone_21_21,zone_13_9,work,home,61200.0
,,pt,10412.0,zone_10_7,zone_21_17,work,home,61200.0
,,pt,10486.0,zone_0_10,zone_13_2,work,home,61200.0
,,pt,10528.0,zone_11_22,zone_28_21,work,home,61200.0
,,pt,10566.0,zone_14_10,zone_27_18,work,home,61200.0
,,pt,10598.0,zone_7_14,zone_18_24,work,home,61200.0
,,pt,10604.0,zone_27_8,zone_12_15,work,home,61200.0
,,pt,10623.0,zone_13_12,zone_4_23,work,home,61200.0
,,pt,10626.0,zone_5_13,zone_22_8,work,home,61200.0
,,pt,10662.0,zone_2_15,zone_4_28,work,home,61200.0
,,pt,10859.0,zone_17_22,zone_27_11,work,home,61200.0
,,pt,10984.0,zone_14_11,zone_2_0,work,home,61200.0
,,pt,11006.0,zone_6_15,zone_16_26,work,home,61200.0
,,pt,11017.0,zone_18_19,zone_2_25,work,home,61200.0
,,pt,11038.0,zone_7_4,zone_14_17,work,home,61200.0
,,pt,11113.0,zone_13_22,zone_27_14,work,home,61200.0
,,pt,11152.0,zone_25_0,zone_7_1,work,home,61200.0
,,pt,11209.0,zone_17_20,zone_1_14,work,home,61200.0
,,pt,11274.0,zone_8_12,zone_9_27,work,home,61200.0
,,pt,11317.0,zone_25_29,zone_24_14,work,home,61200.0
,,pt,11334.0,zone_14_21,zone_29_13,work,home,61200.0
,,pt,11391.0,zone_16_19,zone_8_6,work,home,61200.0
,,pt,11463.0,zone_12_16,zone_28_9,work,home,61200.0
,,pt,11515.0,zone_21_26,zone_16_12,work,home,61200.0
,,pt,11569.0,zone_22_20,zone_23_5,work,home,61200.0
,,pt,11576.0,zone_18_12,zone_5_2,work,home,61200.0
,,pt,11641.0,zone_22_7,zone_21_22,work,home,61200.0
,,pt,11677.0,zone_16_24,zone_9_10,work,home,61200.0
,,pt,11769.0,zone_0_15,zone_3_29,work,home,61200.0
,,pt,11830.0,zone_12_21,zone_5_7,work,home,61200.0
,,pt,11923.0,zone_13_2,zone_6_16,work,home,61200.0
,,pt,12126.0,zone_11_4,zone_24_16,work,home,61200.0
,,pt,12134.0,zone_2_13,zone_20_19,work,home,61200.0
,,pt,12172.0,zone_7_16,zone_1_1,work,home,61200.0
,,pt,12296.0,zone_6_2,zone_11_17,work,home,61200.0
,,pt,12368.0,zone_12_22,zone_27_12,work,home,61200.0
,,pt,12426.0,zone_7_2,zone_27_4,work,home,61200.0
,,pt,12473.0,zone_2_11,zone_22_10,work,home,61200.0
,,pt,12664.0,zone_23_0,zone_16_15,work,home,61200.0
,,pt,12674.0,zone_5_27,zone_20_16,work,home,61200.0
,,pt,12698.0,zone_20_5,zone_0_4,work,home,61200.0
,,pt,12714.0,zone_10_13,zone_24_1,work,home,61200.0
,,pt,12725.0,zone_5_14,zone_21_25,work,home,61200.0
,,pt,12846.0,zone_19_15,zone_26_0,work,home,61200.0
,,pt,12909.0,zone_8_15,zone_29_12,work,home,61200.0
,,pt,12925.0,zone_9_1,zone_6_17,work,home,61200.0
,,pt,13167.0,zone_27_17,zone_7_24,work,home,61200.0
,,pt,13234.0,zone_20_5,zone_0_9,work,home,61200.0
,,pt,13265.0,zone_3_14,zone_19_26,work,home,61200.0
,,pt,13272.0,zone_29_2,zone_8_7,work,home,61200.0
,,pt,13275.0,zone_28_23,zone_24_6,work,home,61200.0
,,pt,13278.0,zone_17_4,zone_16_21,work,home,61200.0
,,pt,13467.0,zone_19_16,zone_29_1,work,home,61200.0
,,pt,13487.0,zone_6_27,zone_27_24,work,home,61200.0
,,pt,13490.0,zone_17_10,zone_29_25,work,home,61200.0
,,pt,13506.0,zone_23_22,zone_2_26,work,home,61200.0
,,pt,13510.0,zone_13_3,zone_19_19,work,home,61200.0
,,pt,13536.0,zone_14_28,zone_14_10,work,home,61200.0
,,pt,13545.0,zone_21_5,zone_0_0,work,home,61200.0
,,pt,13555.0,zone_19_18,zone_10_2,work,home,61200.0
,,pt,13595.0,zone_7_21,zone_29_18,work,home,61200.0
,,pt,13611.0,zone_10_1,zone_25_13,work,home,61200.0
,,pt,13618.0,zone_22_19,zone_1_14,work,home,61200.0
,,pt,13665.0,zone_29_21,zone_26_3,work,home,61200.0
,,pt,13705.0,zone_7_22,zone_15_6,work,home,61200.0
,,pt,13712.0,zone_25_11,zone_4_4,work,home,61200.0
,,pt,13719.0,zone_16_19,zone_15_1,work,home,61200.0
,,pt,13745.0,zone_9_4,zone_27_14,work,home,61200.0
,,pt,13748.0,zone_28_20,zone_25_3,work,home,61200.0
,,pt,13815.0,zone_1_25,zone_19_15,work,home,61200.0
,,pt,13843.0,zone_18_25,zone_27_9,work,home,61200.0
,,pt,13877.0,zone_14_22,zone_5_6,work,home,61200.0
,,pt,13950.0,zone_22_17,zone_13_0,work,home,61200.0
,,pt,14020.0,zone_22_4,zone_9_19,work,home,61200.0
,,pt,14054.0,zone_7_15,zone_29_11,work,home,61200.0
,,pt,14147.0,zone_22_11,zone_14_28,work,home,61200.0
,,pt,14148.0,zone_24_12,zone_2_8,work,home,61200.0
,,pt,14167.0,zone_11_28,zone_21_12,work,home,61200.0
,,pt,14174.0,zone_13_9,zone_3_25,work,home,61200.0
,,pt,14223.0,zone_11_21,zone_15_3,work,home,61200.0
,,pt,14309.0,zone_8_9,zone_24_22,work,home,61200.0
,,pt,14313.0,zone_25_20,zone_14_4,work,home,61200.0
,,pt,14352.0,zone_10_9,zone_25_22,work,home,61200.0
,,pt,14373.0,zone_26_20,zone_4_26,work,home,61200.0
,,pt,14380.0,zone_27_27,zone_22_9,work,home,61200.0
,,pt,14477.0,zone_20_18,zone_6_3,work,home,61200.0
,,pt,14615.0,zone_5_8,zone_28_5,work,home,61200.0
,,pt,14742.0,zone_9_29,zone_4_11,work,home,61200.0
,,pt,14759.0,zone_1_25,zone_12_8,work,home,61200.0
,,pt,14766.0,zone_19_29,zone_5_14,work,home,61200.0
,,pt,14840.0,zone_2_15,zone_21_3,work,home,61200.0
,,pt,14871.0,zone_21_1,zone_10_18,work,home,61200.0
,,pt,14880.0,zone_7_13,zone_29_4,work,home,61200.0
,,pt,14881.0,zone_27_20,zone_3_18,work,home,61200.0
,,pt,14910.0,zone_19_7,zone_8_24,work,home,61200.0
,,pt,15055.0,zone_3_21,zone_0_2,work,home,61200.0
,,pt,15155.0,zone_5_12,zone_20_27,work,home,61200.0
,,pt,15177.0,zone_24_25,zone_2_17,work,home,61200.0
,,pt,15219.0,zone_14_28,zone_26_11,work,home,61200.0
,,pt,15234.0,zone_11_23,zone_29_9,work,home,61200.0
,,pt,15267.0,zone_5_28,zone_24_17,work,home,61200.0
,,pt,15404.0,zone_3_4,zone_11_23,work,home,61200.0
,,pt,15422.0,zone_12_27,zone_12_7,work,home,61200.0
,,pt,15553.0,zone_5_21,zone_20_6,work,home,61200.0
,,pt,15557.0,zone_12_0,zone_8_20,work,home,61200.0
,,pt,15607.0,zone_14_24,zone_8_5,work,home,61200.0
,,pt,15673.0,zone_25_25,zone_0_23,work,home,61200.0
,,pt,15784.0,zone_10_23,zone_29_10,work,home,61200.0
,,pt,15799.0,zone_0_23,zone_17_8,work,home,61200.0
,,pt,15867.0,zone_0_26,zone_23_18,work,home,61200.0
,,pt,15931.0,zone_20_16,zone_1_3,work,home,61200.0
,,pt,15997.0,zone_0_6,zone_16_22,work,home,61200.0
,,pt,16061.0,zone_3_22,zone_27_13,work,home,61200.0
,,pt,16213.0,zone_3_14,zone_29_16,work,home,61200.0
,,pt,16308.0,zone_27_8,zone_9_23,work,home,61200.0
,,pt,16316.0,zone_27_9,zone_7_22,work,home,61200.0
,,pt,16348.0,zone_1_12,zone_20_27,work,home,61200.0
,,pt,16434.0,zone_19_28,zone_20_7,work,home,61200.0
,,pt,16449.0,zone_29_3,zone_14_20,work,home,61200.0
,,pt,16454.0,zone_9_18,zone_28_4,work,home,61200.0
,,pt,16582.0,zone_0_26,zone_23_16,work,home,61200.0
,,pt,16652.0,zone_27_12,zone_2_4,work,home,61200.0
,,pt,16724.0,zone_1_20,zone_25_28,work,home,61200.0
,,pt,16731.0,zone_2_18,zone_27_27,work,home,61200.0
,,pt,16758.0,zone_21_6,zone_9_25,work,home,61200.0
,,pt,16826.0,zone_0_18,zone_23_29,work,home,61200.0
,,pt,16879.0,zone_24_3,zone_0_14,work,home,61200.0
,,pt,16903.0,zone_24_22,zone_0_12,work,home,61200.0
,,pt,16956.0,zone_27_5,zone_0_8,work,home,61200.0
,,pt,17138.0,zone_4_27,zone_27_16,work,home,61200.0
,,pt,17377.0,zone_4_25,zone_24_9,work,home,61200.0
,,pt,17387.0,zone_15_23,zone_7_2,work,home,61200.0
,,pt,17422.0,zone_11_23,zone_20_2,work,home,61200.0
,,pt,17578.0,zone_1_18,zone_23_4,work,home,61200.0
,,pt,17702.0,zone_3_23,zone_12_1,work,home,61200.0
,,pt,17726.0,zone_15_24,zone_12_1,work,home,61200.0
,,pt,17966.0,zone_26_28,zone_11_8,work,home,61200.0
,,pt,18001.0,zone_3_6,zone_25_21,work,home,61200.0
,,pt,18076.0,zone_26_0,zone_6_17,work,home,61200.0
,,pt,18087.0,zone_12_22,zone_21_0,work,home,61200.0
,,pt,18255.0,zone_7_21,zone_26_3,work,home,61200.0
,,pt,18287.0,zone_4_19,zone_29_8,work,home,61200.0
,,pt,18296.0,zone_24_29,zone_9_9,work,home,61200.0
,,pt,18332.0,zone_26_28,zone_0_16,work,home,61200.0
,,pt,18344.0,zone_8_24,zone_12_1,work,home,61200.0
,,pt,18375.0,zone_1_13,zone_22_29,work,home,61200.0
,,pt,18397.0,zone_12_22,zone_26_1,work,home,61200.0
,,pt,18509.0,zone_22_16,zone_1_0,work,home,61200.0
,,pt,18685.0,zone_28_3,zone_0_13,work,home,61200.0
,,pt,18808.0,zone_3_18,zone_28_4,work,home,61200.0
,,pt,18867.0,zone_8_18,zone_29_0,work,home,61200.0
,,pt,18953.0,zone_1_4,zone_28_15,work,home,61200.0
,,pt,19014.0,zone_11_5,zone_28_25,work,home,61200.0
,,pt,19418.0,zone_5_1,zone_18_23,work,home,61200.0
,,pt,19605.0,zone_26_1,zone_0_15,work,home,61200.0
,,pt,19713.0,zone_3_0,zone_13_24,work,home,61200.0
,,pt,19779.0,zone_18_5,zone_26_29,work,home,61200.0
,,pt,19893.0,zone_29_3,zone_0_14,work,home,61200.0
,,pt,19949.0,zone_13_4,zone_20_29,work,home,61200.0
,,pt,20070.0,zone_18_29,zone_25_4,work,home,61200.0
,,pt,20072.0,zone_28_5,zone_0_18,work,home,61200.0
,,pt,20110.0,zone_14_4,zone_0_27,work,home,61200.0
,,pt,20541.0,zone_2_3,zone_5_29,work,home,61200.0
,,pt,20560.0,zone_26_19,zone_3_0,work,home,61200.0
,,pt,20742.0,zone_17_2,zone_22_28,work,home,61200.0
,,pt,20871.0,zone_26_29,zone_2_10,work,home,61200.0
,,pt,21053.0,zone_29_29,zone_12_5,work,home,61200.0
,,pt,21065.0,zone_16_3,zone_5_28,work,home,61200.0
,,pt,21162.0,zone_2_23,zone_28_5,work,home,61200.0
,,pt,21267.0,zone_0_3,zone_14_27,work,home,61200.0
,,pt,21540.0,zone_26_25,zone_13_0,work,home,61200.0
,,pt,21570.0,zone_29_4,zone_3_23,work,home,61200.0
,,pt,21662.0,zone_7_0,zone_24_24,work,home,61200.0
,,pt,21854.0,zone_4_0,zone_3_28,work,home,61200.0
,,pt,21948.0,zone_17_28,zone_11_0,work,home,61200.0
,,pt,22185.0,zone_13_26,zone_27_0,work,home,61200.0
,,pt,22462.0,zone_1_28,zone_19_3,work,home,61200.0
,,pt,22736.0,zone_21_0,zone_14_29,work,home,61200.0
,,pt,23107.0,zone_25_1,zone_5_26,work,home,61200.0
,,pt,23283.0,zone_2_1,zone_27_23,work,home,61200.0
,,pt,23287.0,zone_1_29,zone_12_1,work,home,61200.0
,,pt,25909.0,zone_29_0,zone_0_24,work,home,61200.0
